2223,d,2,f,8,g,7,draw
16380,d,3,f,1,c,6,twelve
21582,b,1,c,1,g,6,fourteen
6359,d,4,d,5,h,3,eight
7123,c,2,e,3,a,7,nine
17696,b,2,d,6,h,5,thirteen
5405,c,2,a,4,e,3,eight
2895,d,3,f,3,e,1,one
5987,d,3,b,1,h,2,eight
23558,c,1,h,3,e,7,fourteen
24844,d,1,f,4,e,7,fourteen
7616,d,3,c,1,a,4,nine
26903,c,1,b,7,e,5,fifteen
5898,d,2,e,5,h,4,eight
22253,b,2,b,1,e,5,fourteen
20717,d,2,h,1,c,7,thirteen
12200,d,2,f,1,a,5,eleven
11024,c,1,f,8,h,7,eleven
4848,d,2,h,5,a,3,seven
10731,b,2,d,7,f,1,eleven
9174,c,3,c,7,f,2,ten
6527,d,4,g,5,c,2,eight
21123,a,1,e,2,g,7,fourteen
18251,c,1,g,1,a,5,thirteen
15049,c,3,g,1,g,7,twelve
20188,d,2,b,4,f,7,thirteen
1956,d,1,h,2,h,3,draw
1367,c,2,g,1,g,2,draw
13276,b,1,a,2,a,3,twelve
11047,c,1,h,2,a,4,eleven
26669,b,1,h,7,f,6,fifteen
8706,c,1,a,5,h,4,ten
24927,d,1,g,2,e,8,fourteen
12803,d,3,h,1,g,7,eleven
7488,d,2,d,4,a,7,nine
10744,b,2,e,4,g,2,eleven
10136,d,4,c,5,g,2,ten
16234,d,3,c,2,c,5,twelve
6899,c,1,a,8,g,1,nine
7479,d,2,c,8,a,8,nine
26365,b,1,e,7,c,6,fifteen
3325,d,2,f,6,b,1,four
14494,c,2,e,3,g,6,twelve
1924,d,1,g,5,g,6,draw
18890,c,2,f,1,f,8,thirteen
14620,c,2,f,5,h,7,twelve
10717,b,2,d,5,e,1,eleven
22098,b,1,h,4,c,5,fourteen
20572,d,2,g,1,e,6,thirteen
473,b,1,f,7,g,7,draw
9892,d,3,e,6,b,8,ten
27042,c,1,d,6,f,5,fifteen
13167,a,1,a,5,h,2,twelve
22594,b,2,h,8,f,4,fourteen
25921,a,1,h,1,d,4,fifteen
21079,a,1,d,3,h,7,fourteen
22859,c,1,b,2,f,7,fourteen
3129,d,3,e,6,d,1,two
11243,c,2,e,6,a,7,eleven
9534,d,2,d,7,h,3,ten
4166,d,2,c,4,f,3,six
4110,d,2,a,7,f,1,six
24762,d,1,e,7,e,4,fourteen
20427,d,2,e,3,c,5,thirteen
5613,c,3,d,5,d,1,eight
6890,c,1,a,6,g,1,nine
208,b,1,a,5,a,4,draw
22172,b,1,h,8,d,7,fourteen
3520,d,1,f,3,f,1,five
26609,b,1,h,2,g,5,fifteen
25014,d,1,g,7,b,7,fourteen
20740,d,2,h,2,b,7,thirteen
271,b,1,c,3,d,2,draw
6446,d,4,f,3,d,2,eight
21810,b,1,e,6,d,1,fourteen
24340,d,1,b,1,e,3,fourteen
12606,d,3,e,1,c,5,eleven
17780,b,2,f,5,e,2,thirteen
13656,b,2,e,1,h,6,twelve
16693,d,3,h,8,f,6,twelve
22444,b,2,e,6,e,2,fourteen
2338,d,3,a,5,a,6,draw
2951,c,2,c,7,a,2,two
15315,d,1,e,2,a,3,twelve
23272,c,1,f,3,b,3,fourteen
13850,c,1,b,2,f,2,twelve
23811,c,2,c,7,e,6,fourteen
6350,d,4,d,3,d,2,eight
13745,b,2,f,7,h,4,twelve
8733,c,1,c,3,a,3,ten
16203,d,3,b,8,e,7,twelve
1660,d,1,b,2,a,1,draw
2550,d,3,g,2,g,3,draw
12504,d,3,c,4,g,8,eleven
4765,d,2,b,2,a,8,seven
4619,c,2,b,3,h,2,seven
4258,d,3,a,6,a,2,six
10964,c,1,f,1,h,5,eleven
7055,c,2,c,7,a,6,nine
21180,a,1,f,3,h,4,fourteen
4891,d,3,c,5,a,7,seven
14667,c,2,g,5,a,7,twelve
9536,d,2,d,8,a,7,ten
4735,d,1,e,4,b,2,seven
9302,d,1,b,1,g,2,ten
10426,a,1,h,4,e,1,eleven
18659,c,2,c,1,c,8,thirteen
13777,b,2,h,1,h,6,twelve
14233,c,2,a,5,f,5,twelve
7867,d,3,h,2,a,7,nine
20370,d,2,d,3,f,4,thirteen
16784,a,1,b,5,h,3,thirteen
25353,d,2,c,7,f,7,fourteen
27889,a,1,g,8,g,6,sixteen
18042,c,1,d,5,b,3,thirteen
15587,d,2,b,5,e,8,twelve
18228,c,1,f,6,b,7,thirteen
27330,d,1,b,1,e,6,fifteen
11078,c,2,a,4,a,6,eleven
13788,b,2,h,5,g,2,twelve
26681,b,1,h,8,d,6,fifteen
12729,d,3,f,5,b,7,eleven
4256,d,3,a,5,b,2,six
25300,d,2,b,6,d,4,fourteen
4119,d,2,b,1,a,5,six
7922,d,4,a,3,h,5,nine
26687,b,1,h,8,f,5,fifteen
16764,a,1,a,5,h,6,thirteen
16818,a,1,d,2,g,2,thirteen
15701,d,2,d,6,h,5,twelve
9268,c,3,h,5,g,1,ten
24991,d,1,g,5,f,8,fourteen
13767,b,2,g,7,f,1,twelve
5710,d,1,b,1,h,2,eight
25224,d,1,h,8,b,5,fourteen
11478,c,3,d,5,g,6,eleven
17968,c,1,c,2,h,5,thirteen
20842,d,2,h,7,g,3,thirteen
5722,d,1,b,6,h,2,eight
10332,a,1,b,5,g,1,eleven
11110,c,2,b,4,h,8,eleven
8946,c,2,d,5,h,4,ten
4849,d,2,h,5,a,4,seven
16361,d,3,d,8,g,4,twelve
459,b,1,f,6,e,5,draw
3667,d,2,g,8,h,1,five
21051,a,1,c,6,e,1,fourteen
15078,c,3,h,2,f,3,twelve
14940,c,3,d,1,g,5,twelve
16808,a,1,c,6,g,2,thirteen
466,b,1,f,6,g,7,draw
4285,d,3,b,7,a,5,six
5152,d,4,g,6,h,3,seven
10109,d,4,b,5,h,5,ten
16428,d,3,f,3,f,5,twelve
18989,c,2,g,2,g,5,thirteen
20970,a,1,a,6,c,2,fourteen
1251,c,2,d,7,e,8,draw
1761,d,1,d,4,d,3,draw
12569,d,3,d,4,f,8,eleven
17186,b,1,d,7,d,1,thirteen
25967,a,1,h,8,g,5,fifteen
9441,d,2,b,8,h,3,ten
5082,d,4,c,8,h,1,seven
14674,c,2,g,5,g,3,twelve
7086,c,2,d,3,b,8,nine
17347,b,1,f,1,b,5,thirteen
6437,d,4,f,1,h,1,eight
24128,d,1,a,1,d,6,fourteen
2032,d,2,b,3,b,2,draw
27845,a,1,g,3,e,3,sixteen
4522,b,1,g,2,d,1,seven
11948,d,2,a,7,a,2,eleven
2347,d,3,a,7,a,6,draw
2319,d,3,a,1,a,2,draw
22449,b,2,e,6,g,3,fourteen
26453,b,1,f,8,e,2,fifteen
2418,d,3,c,6,d,5,draw
26361,b,1,e,6,e,4,fifteen
22132,b,1,h,5,d,5,fourteen
25577,a,1,b,1,e,3,fifteen
24057,c,2,h,3,e,3,fourteen
16783,a,1,b,5,g,4,thirteen
26433,b,1,f,7,d,3,fifteen
24176,d,1,a,2,g,5,fourteen
19218,c,3,a,1,f,5,thirteen
5153,d,4,g,6,h,4,seven
10009,d,3,g,7,g,2,ten
9388,d,1,g,4,g,2,ten
26430,b,1,f,7,c,6,fifteen
20554,d,2,f,8,b,7,thirteen
7497,d,2,d,5,c,8,nine
19574,d,1,c,5,h,5,thirteen
23103,c,1,d,5,f,8,fourteen
17060,b,1,b,5,g,6,thirteen
12918,d,4,a,4,g,5,eleven
16898,a,1,f,4,h,8,thirteen
21881,b,1,f,3,c,8,fourteen
27168,c,1,f,7,e,2,fifteen
1196,c,2,c,5,c,4,draw
14539,c,2,e,6,h,3,twelve
15821,d,2,e,8,b,8,twelve
14972,c,3,d,4,h,7,twelve
7653,d,3,c,3,h,3,nine
15229,d,1,d,2,a,6,twelve
20803,d,2,h,6,a,4,thirteen
11769,d,1,e,3,f,7,eleven
18218,c,1,f,4,b,7,thirteen
24468,d,1,b,8,e,8,fourteen
19022,c,2,g,4,e,5,thirteen
8532,b,1,g,4,h,6,ten
10910,c,1,d,8,a,2,eleven
5695,c,3,h,3,e,2,eight
12640,d,3,e,2,g,5,eleven
14488,c,2,e,3,f,6,twelve
23464,c,1,g,8,d,8,fourteen
25757,a,1,d,7,h,7,fifteen
7145,c,2,f,3,a,3,nine
17325,b,1,e,8,a,6,thirteen
5907,d,2,g,2,h,4,eight
5908,d,2,g,3,h,5,eight
19641,d,1,d,6,a,6,thirteen
3672,d,2,h,4,a,2,five
5304,c,1,b,5,a,3,eight
6945,c,1,c,5,f,1,nine
20621,d,2,g,3,e,4,thirteen
16129,d,3,b,2,d,6,twelve
9326,d,1,c,4,e,3,ten
23106,c,1,d,5,g,5,fourteen
26676,b,1,h,8,c,5,fifteen
4134,d,2,b,4,a,7,six
3739,d,3,c,5,b,1,five
15689,d,2,d,6,b,4,twelve
25235,d,1,h,8,d,8,fourteen
16885,a,1,f,4,d,1,thirteen
25534,a,1,a,6,e,3,fifteen
17030,b,1,a,6,d,8,thirteen
5272,c,1,a,3,f,2,eight
3964,c,3,d,2,g,1,six
12110,d,2,e,1,h,4,eleven
19368,c,3,f,7,f,3,thirteen
18207,c,1,f,1,b,7,thirteen
2154,d,2,e,6,d,5,draw
19625,d,1,d,4,h,5,thirteen
1795,d,1,e,3,d,3,draw
24788,d,1,f,1,b,8,fourteen
8780,c,1,f,4,e,1,ten
23068,c,1,d,2,f,8,fourteen
9765,d,3,d,1,a,5,ten
17470,b,1,h,1,b,3,thirteen
18397,c,2,a,1,g,4,thirteen
27859,a,1,g,6,d,4,sixteen
23652,c,1,h,8,d,5,fourteen
25791,a,1,e,3,h,5,fifteen
27062,c,1,d,7,g,6,fifteen
3741,d,3,c,6,a,1,five
13125,d,4,h,2,g,4,eleven
16436,d,3,f,4,d,6,twelve
11427,c,3,b,5,f,3,eleven
26799,b,2,g,8,d,3,fifteen
3604,d,2,d,6,a,2,five
18415,c,2,a,2,e,6,thirteen
18669,c,2,c,1,g,3,thirteen
22666,c,1,a,2,f,7,fourteen
24860,d,1,f,5,d,7,fourteen
5075,d,4,c,5,b,1,seven
806,c,1,b,5,c,6,draw
4234,d,2,g,1,h,5,six
27667,a,1,b,2,c,3,sixteen
18115,c,1,e,2,g,6,thirteen
14427,c,2,e,1,e,8,twelve
2061,d,2,b,7,b,6,draw
9597,d,2,f,2,h,5,ten
2642,d,4,b,2,a,1,draw
8554,b,1,h,4,d,1,ten
6070,d,3,c,7,a,8,eight
6176,d,3,f,5,h,8,eight
15809,d,2,e,7,g,2,twelve
17133,b,1,d,4,e,8,thirteen
25500,a,1,a,2,c,2,fifteen
5727,d,1,b,8,a,3,eight
6778,b,2,a,8,g,1,nine
12990,d,4,c,2,g,4,eleven
13351,b,1,d,4,b,3,twelve
16671,d,3,h,7,d,7,twelve
20398,d,2,d,8,e,6,thirteen
9214,c,3,e,5,h,5,ten
26206,b,1,c,6,h,4,fifteen
27450,d,1,c,7,e,6,fifteen
23182,c,1,e,5,c,4,fourteen
6525,d,4,g,5,b,2,eight
8261,d,4,f,8,g,6,nine
3718,d,3,b,4,a,6,five
8773,c,1,e,5,a,2,ten
12585,d,3,d,5,f,8,eleven
12888,d,3,h,8,g,3,eleven
6248,d,4,a,4,c,1,eight
2655,d,4,c,2,d,1,draw
23793,c,2,c,5,e,3,fourteen
22224,b,2,a,6,f,4,fourteen
22589,b,2,h,7,f,4,fourteen
9196,c,3,d,7,e,2,ten
593,b,2,e,1,d,1,draw
3605,d,2,d,6,b,2,five
19004,c,2,g,3,f,8,thirteen
18081,c,1,e,1,b,7,thirteen
25568,a,1,a,8,g,6,fifteen
3599,d,2,d,4,a,2,five
220,b,1,a,7,b,6,draw
4651,c,2,e,3,h,2,seven
3423,d,4,f,2,h,1,four
26353,b,1,e,6,c,4,fifteen
17588,b,2,a,8,h,4,thirteen
10440,b,1,a,1,h,2,eleven
18027,c,1,d,3,h,6,thirteen
11291,c,2,f,4,b,8,eleven
27623,d,1,g,4,g,6,fifteen
24145,d,1,a,1,g,6,fourteen
9652,d,2,f,8,h,2,ten
22452,b,2,e,6,g,6,fourteen
23646,c,1,h,8,c,4,fourteen
26163,b,1,c,2,f,7,fifteen
18583,c,2,b,3,f,8,thirteen
15347,d,1,e,5,f,8,twelve
7206,c,2,h,5,e,1,nine
14547,c,2,e,7,e,2,twelve
3918,b,2,e,2,h,1,six
25097,d,1,h,2,g,4,fourteen
1653,d,1,a,7,b,8,draw
10603,b,1,f,4,h,3,eleven
14663,c,2,g,4,g,7,twelve
21423,b,1,a,7,g,3,fourteen
16653,d,3,h,6,b,5,twelve
2441,d,3,d,6,c,5,draw
22233,b,2,a,7,f,4,fourteen
27925,a,1,h,7,e,3,sixteen
10004,d,3,g,6,c,8,ten
23648,c,1,h,8,c,6,fourteen
12115,d,2,e,2,a,5,eleven
27308,c,2,f,2,d,4,fifteen
18490,c,2,a,7,d,7,thirteen
14286,c,2,b,5,c,8,twelve
2814,c,3,e,1,c,1,zero
22026,b,1,g,7,d,2,fourteen
10875,c,1,d,2,a,3,eleven
14650,c,2,g,1,a,5,twelve
550,b,1,h,3,h,4,draw
2254,d,2,g,5,f,4,draw
22173,b,1,h,8,d,8,fourteen
5828,d,2,b,5,a,3,eight
24463,d,1,b,8,c,4,fourteen
20711,d,2,h,1,b,5,thirteen
472,b,1,f,7,g,6,draw
3331,d,2,g,1,b,1,four
22640,c,1,a,1,h,6,fourteen
16491,d,3,g,2,b,5,twelve
26885,c,1,b,6,e,4,fifteen
22785,c,1,a,7,f,7,fourteen
1336,c,2,f,5,e,4,draw
25905,a,1,g,5,e,3,fifteen
24241,d,1,a,6,b,3,fourteen
10688,b,2,b,6,h,7,eleven
16528,d,3,g,3,f,5,twelve
2203,d,2,f,5,g,6,draw
16842,a,1,d,7,f,1,thirteen
11295,c,2,f,4,h,6,eleven
2175,d,2,f,1,f,2,draw
6912,c,1,b,5,h,2,nine
16734,d,4,g,6,f,4,twelve
23510,c,1,h,2,c,3,fourteen
18465,c,2,a,4,f,7,thirteen
14965,c,3,d,4,g,4,twelve
17895,c,1,a,6,d,7,thirteen
5226,b,1,d,3,e,1,eight
26539,b,1,g,6,g,2,fifteen
5219,b,1,c,3,f,1,eight
11370,c,2,h,3,b,8,eleven
18783,c,2,d,5,d,7,thirteen
3033,c,3,d,8,c,1,two
938,c,1,e,4,f,4,draw
12043,d,2,d,3,h,8,eleven
16349,d,3,d,7,g,4,twelve
5243,b,2,a,3,h,2,eight
25196,d,1,h,7,b,6,fourteen
13825,c,1,a,5,a,2,twelve
27615,d,1,g,3,e,4,fifteen
20173,d,2,b,4,c,7,thirteen
943,c,1,e,5,e,4,draw
9690,d,3,a,1,a,3,ten
2408,d,3,c,5,b,5,draw
23561,c,1,h,3,f,4,fourteen
2134,d,2,d,7,e,8,draw
4268,d,3,b,2,a,4,six
1476,c,3,e,2,e,3,draw
8070,d,4,c,5,g,1,nine
1644,d,1,a,6,a,5,draw
27646,d,1,g,7,d,7,fifteen
12248,d,2,g,6,a,7,eleven
20658,d,2,g,5,e,6,thirteen
19181,c,2,h,7,b,5,thirteen
17490,b,1,h,2,e,2,thirteen
4229,d,2,f,4,g,1,six
5831,d,2,b,5,g,2,eight
23721,c,2,b,3,d,4,fourteen
6745,b,1,g,7,h,2,nine
4851,d,2,h,6,h,1,seven
8042,d,4,c,2,h,8,nine
24420,d,1,b,4,h,6,fourteen
8391,b,1,a,1,d,1,ten
22369,b,2,d,2,f,4,fourteen
6163,d,3,e,7,h,8,eight
6301,d,4,b,6,d,2,eight
11236,c,2,e,5,b,6,eleven
5253,b,2,c,3,g,1,eight
7435,d,1,h,7,a,8,nine
20189,d,2,b,4,f,8,thirteen
26736,b,2,d,6,f,4,fifteen
11268,c,2,f,2,g,4,eleven
17760,b,2,e,7,h,3,thirteen
27476,d,1,d,4,e,6,fifteen
11325,c,2,g,1,e,1,eleven
17171,b,1,d,6,d,8,thirteen
15515,d,2,a,3,b,5,twelve
13391,b,1,e,1,b,8,twelve
18747,c,2,d,1,f,7,thirteen
18909,c,2,f,3,d,7,thirteen
25554,a,1,a,7,g,5,fifteen
15551,d,2,a,6,b,8,twelve
21281,b,1,a,1,b,6,fourteen
11886,d,1,g,7,d,8,eleven
10012,d,3,g,8,a,6,ten
27477,d,1,d,4,f,4,fifteen
20931,d,3,g,6,e,6,thirteen
24188,d,1,a,3,d,5,fourteen
5979,d,3,a,8,g,1,eight
24583,d,1,c,7,g,3,fourteen
22758,c,1,a,6,g,5,fourteen
14862,c,3,b,3,h,6,twelve
17211,b,1,e,1,f,4,thirteen
6824,b,2,d,7,h,1,nine
25935,a,1,h,2,g,4,fifteen
18739,c,2,c,8,h,8,thirteen
27842,a,1,g,3,c,3,sixteen
18147,c,1,e,4,b,5,thirteen
19288,c,3,c,2,f,6,thirteen
17988,c,1,c,6,g,7,thirteen
16651,d,3,h,4,f,7,twelve
24793,d,1,f,1,e,7,fourteen
8421,b,1,b,4,f,1,ten
15274,d,1,d,6,a,2,twelve
16069,d,3,a,7,c,6,twelve
17487,b,1,h,2,b,6,thirteen
12597,d,3,d,7,h,7,eleven
12127,d,2,e,2,h,3,eleven
14660,c,2,g,3,b,4,twelve
3937,c,2,b,3,a,3,six
7610,d,3,b,7,g,3,nine
5740,d,1,c,8,h,2,eight
16568,d,3,g,8,c,7,twelve
3580,d,2,c,3,f,2,five
20349,d,2,c,8,c,4,thirteen
22040,b,1,g,8,e,2,fourteen
6238,d,3,h,8,h,1,eight
4353,d,3,e,5,b,2,six
14739,c,2,h,5,d,7,twelve
3785,d,3,e,5,a,1,five
15850,d,2,f,6,f,8,twelve
21152,a,1,e,7,f,2,fourteen
26982,c,1,c,7,g,7,fifteen
16547,d,3,g,5,e,5,twelve
21988,b,1,g,4,d,8,fourteen
7192,c,2,h,3,a,7,nine
19717,d,1,e,2,g,2,thirteen
10573,b,1,e,4,f,2,eleven
20426,d,2,e,3,c,4,thirteen
26049,b,1,b,2,g,4,fifteen
4750,d,1,g,6,h,1,seven
19653,d,1,d,6,g,7,thirteen
23079,c,1,d,3,f,3,fourteen
14784,c,3,a,2,f,3,twelve
4187,d,2,d,3,g,1,six
26101,b,1,b,7,c,5,fifteen
17248,b,1,e,2,h,5,thirteen
15285,d,1,d,7,a,6,twelve
24608,d,1,d,2,f,3,fourteen
17204,b,1,e,1,c,8,thirteen
16828,a,1,d,5,h,5,thirteen
22298,b,2,c,1,e,3,fourteen
15367,d,1,e,8,a,4,twelve
5258,b,2,d,3,e,1,eight
4809,d,2,f,7,f,1,seven
16175,d,3,b,6,d,6,twelve
27876,a,1,g,7,f,3,sixteen
27608,d,1,g,2,d,6,fifteen
27457,d,1,c,7,g,5,fifteen
19687,d,1,e,1,f,3,thirteen
12222,d,2,f,6,h,5,eleven
3609,d,2,d,8,b,2,five
19365,c,3,f,4,f,6,thirteen
9929,d,3,f,2,a,6,ten
4951,d,3,e,8,e,1,seven
3867,d,3,h,7,c,1,five
232,b,1,b,4,a,4,draw
5856,d,2,c,4,a,7,eight
19264,c,3,b,6,h,6,thirteen
7760,d,3,e,4,a,8,nine
6080,d,3,c,8,a,8,eight
26432,b,1,f,7,d,2,fifteen
20936,d,3,g,7,e,5,thirteen
22862,c,1,b,2,g,4,fourteen
8491,b,1,d,2,a,8,ten
10029,d,3,h,2,f,2,ten
17672,b,2,d,2,h,4,thirteen
21896,b,1,f,4,d,8,fourteen
25413,d,2,f,3,e,5,fourteen
7984,d,4,b,3,f,2,nine
14553,c,2,e,7,g,3,twelve
27400,d,1,c,1,d,6,fifteen
12420,d,3,b,2,h,8,eleven
14841,c,3,b,1,g,6,twelve
18048,c,1,d,5,c,7,thirteen
10150,d,4,c,7,g,2,ten
14778,c,3,a,1,g,3,twelve
1238,c,2,d,6,c,7,draw
2654,d,4,c,2,c,1,draw
16856,a,1,e,4,g,2,thirteen
22819,c,1,a,8,g,4,fourteen
21300,b,1,a,1,e,5,fourteen
8255,d,4,f,7,h,4,nine
21791,b,1,e,5,d,1,fourteen
26087,b,1,b,6,e,4,fifteen
5552,c,2,g,3,h,1,eight
25673,a,1,c,4,h,5,fifteen
2471,d,3,e,6,d,5,draw
3460,c,3,d,2,d,1,five
27907,a,1,h,3,f,5,sixteen
1618,c,3,h,7,h,8,draw
16457,d,3,f,8,c,6,twelve
20858,d,2,h,8,f,3,thirteen
5889,d,2,d,7,g,2,eight
8775,c,1,e,5,a,4,ten
9197,c,3,d,7,f,2,ten
27520,d,1,f,1,e,3,fifteen
16171,d,3,b,4,f,6,twelve
10357,a,1,c,8,g,1,eleven
6842,b,2,g,1,h,6,nine
11484,c,3,d,8,h,3,eleven
7739,d,3,d,8,a,8,nine
14176,c,2,a,1,a,3,twelve
332,b,1,d,4,e,3,draw
17448,b,1,g,4,d,2,thirteen
8021,d,4,b,8,f,1,nine
21819,b,1,e,6,g,6,fourteen
597,b,2,e,1,f,2,draw
15756,d,2,e,3,c,6,twelve
17228,b,1,e,2,b,5,thirteen
5334,c,1,c,8,h,1,eight
1004,c,1,f,5,g,4,draw
2369,d,3,b,3,b,4,draw
3086,c,3,h,1,b,1,two
5631,c,3,d,8,g,1,eight
27829,a,1,f,8,f,3,sixteen
12679,d,3,e,6,g,5,eleven
12418,d,3,b,2,h,6,eleven
24855,d,1,f,5,c,8,fourteen
3610,d,2,e,1,a,2,five
10156,d,4,c,8,g,3,ten
26712,b,2,c,3,e,5,fifteen
15402,d,1,f,5,h,4,twelve
16959,a,1,h,6,h,1,thirteen
19017,c,2,g,4,d,5,thirteen
20270,d,2,c,2,e,7,thirteen
8726,c,1,c,2,a,5,ten
6251,d,4,a,4,g,1,eight
2487,d,3,e,8,d,7,draw
26758,b,2,f,6,f,3,fifteen
26335,b,1,e,2,d,4,fifteen
15433,d,1,g,6,f,1,twelve
18096,c,1,e,1,g,5,thirteen
9543,d,2,e,3,a,4,ten
14659,c,2,g,2,b,6,twelve
26625,b,1,h,3,f,3,fifteen
24168,d,1,a,2,e,8,fourteen
26545,b,1,g,7,c,4,fifteen
21700,b,1,d,5,d,7,fourteen
23243,c,1,e,8,d,5,fourteen
261,b,1,b,7,c,7,draw
13509,b,1,g,6,a,3,twelve
18056,c,1,d,6,c,3,thirteen
13255,a,1,g,4,d,1,twelve
10505,b,1,c,6,a,4,eleven
905,c,1,d,7,d,6,draw
11490,c,3,e,1,h,4,eleven
25366,d,2,c,8,f,6,fourteen
26795,b,2,g,7,f,4,fifteen
3995,d,1,a,8,f,1,six
6124,d,3,d,7,a,8,eight
8294,d,4,h,4,f,3,nine
26998,c,1,c,8,f,5,fifteen
24475,d,1,b,8,g,3,fourteen
21090,a,1,d,4,h,7,fourteen
10713,b,2,d,1,h,2,eleven
15766,d,2,e,3,f,6,twelve
18530,c,2,a,8,g,7,thirteen
4556,c,1,b,3,g,2,seven
15617,d,2,b,8,h,6,twelve
23099,c,1,d,5,f,4,fourteen
6532,d,4,g,5,g,1,eight
21606,b,1,c,4,d,8,fourteen
16910,a,1,f,6,g,4,thirteen
19347,c,3,e,6,e,4,thirteen
9856,d,3,e,4,b,4,ten
2873,c,2,h,5,a,1,one
9861,d,3,e,4,c,8,ten
8801,c,1,g,5,a,3,ten
21932,b,1,g,1,c,7,fourteen
11220,c,2,e,4,f,6,eleven
21816,b,1,e,6,g,3,fourteen
4019,d,1,b,8,f,1,six
13907,c,1,d,2,h,7,twelve
2605,d,3,h,2,h,1,draw
1970,d,1,h,5,h,4,draw
11483,c,3,d,7,h,3,eleven
1855,d,1,f,4,e,4,draw
13903,c,1,d,2,b,6,twelve
20735,d,2,h,1,g,7,thirteen
8502,b,1,e,3,a,8,ten
24728,d,1,e,5,b,7,fourteen
2305,d,2,h,5,h,6,draw
23370,c,1,g,2,g,8,fourteen
26566,b,1,g,8,d,5,fifteen
11050,c,1,h,2,a,7,eleven
8029,d,4,c,1,f,1,nine
17904,c,1,a,8,b,4,thirteen
3458,c,3,c,2,f,1,five
10624,b,1,g,3,a,6,eleven
13479,b,1,f,7,h,1,twelve
27699,a,1,b,8,e,4,sixteen
18361,c,1,h,6,g,2,thirteen
11516,c,3,e,4,h,4,eleven
18931,c,2,f,5,b,4,thirteen
2409,d,3,c,5,b,6,draw
25835,a,1,e,7,c,1,fifteen
1290,c,2,e,6,e,7,draw
11662,d,1,b,7,g,8,eleven
22074,b,1,h,2,g,7,fourteen
16394,d,3,f,1,f,8,twelve
2825,c,1,e,3,a,2,one
18850,c,2,e,6,f,4,thirteen
10450,b,1,a,5,g,2,eleven
18671,c,2,c,1,g,5,thirteen
12788,d,3,g,7,b,4,eleven
21436,b,1,a,8,c,3,fourteen
21016,a,1,b,7,h,3,fourteen
2117,d,2,d,5,e,5,draw
14285,c,2,b,5,b,8,twelve
13250,a,1,f,8,g,3,twelve
13152,d,4,h,8,g,4,eleven
19408,c,3,g,8,f,4,thirteen
19250,c,3,b,2,f,6,thirteen
11382,c,2,h,6,a,3,eleven
2151,d,2,e,5,f,4,draw
21753,b,1,e,2,d,6,fourteen
6130,d,3,d,7,g,2,eight
17585,b,2,a,7,h,6,thirteen
4926,d,3,e,3,a,3,seven
365,b,1,e,1,d,2,draw
8734,c,1,c,3,a,4,ten
23125,c,1,d,8,f,6,fourteen
14435,c,2,e,1,g,3,twelve
16914,a,1,f,6,h,4,thirteen
26926,c,1,c,2,d,4,fifteen
8096,d,4,d,1,g,1,nine
4008,d,1,b,4,h,2,six
24622,d,1,d,3,f,5,fourteen
18929,c,2,f,4,f,7,thirteen
21895,b,1,f,4,c,8,fourteen
23989,c,2,g,5,c,5,fourteen
15241,d,1,d,2,h,4,twelve
2877,c,3,a,3,b,1,one
20939,d,3,g,7,f,4,thirteen
21021,a,1,b,8,h,6,fourteen
22751,c,1,a,6,e,6,fourteen
27738,a,1,c,7,c,2,sixteen
7987,d,4,b,3,h,5,nine
24294,d,1,a,7,g,7,fourteen
11294,c,2,f,4,h,5,eleven
25157,d,1,h,4,g,7,fourteen
19359,c,3,f,2,e,4,thirteen
25399,d,2,f,1,e,5,fourteen
7741,d,3,d,8,b,8,nine
14200,c,2,a,3,e,8,twelve
11319,c,2,f,8,h,8,eleven
16095,d,3,a,8,f,6,twelve
27303,c,2,d,6,d,4,fifteen
9851,d,3,e,3,h,3,ten
23532,c,1,h,2,f,7,fourteen
20920,d,3,f,7,e,5,thirteen
6685,b,1,c,4,h,2,nine
10636,b,1,g,8,a,3,eleven
6062,d,3,c,6,a,8,eight
19326,c,3,d,3,e,4,thirteen
642,b,2,f,3,e,4,draw
22991,c,1,c,3,e,6,fourteen
4812,d,2,f,8,f,1,seven
20360,d,2,d,1,f,2,thirteen
20632,d,2,g,3,g,7,thirteen
10954,c,1,e,8,h,2,eleven
6948,c,1,c,6,e,1,nine
25369,d,2,d,1,c,5,fourteen
12805,d,3,h,1,h,4,eleven
26344,b,1,e,5,c,5,fifteen
14636,c,2,f,7,a,6,twelve
12868,d,3,h,7,a,5,eleven
27807,a,1,f,6,d,4,sixteen
10056,d,3,h,8,a,5,ten
23288,c,1,f,4,c,6,fourteen
11083,c,2,a,5,f,4,eleven
15546,d,2,a,5,g,8,twelve
3578,d,2,c,1,a,1,five
13890,c,1,d,1,b,6,twelve
728,b,2,h,3,g,3,draw
7743,d,3,d,8,g,3,nine
6648,b,1,b,4,g,1,nine
15516,d,2,a,3,b,6,twelve
8611,b,2,b,7,e,1,ten
24341,d,1,b,1,e,7,fourteen
20960,a,1,a,5,e,2,fourteen
14787,c,3,a,2,g,5,twelve
19887,d,1,h,1,b,8,thirteen
26896,c,1,b,7,d,3,fifteen
22601,b,2,h,8,h,6,fourteen
10208,d,4,e,4,g,6,ten
26452,b,1,f,8,d,8,fifteen
14694,c,2,h,1,a,5,twelve
8549,b,1,h,1,d,1,ten
17390,b,1,f,6,a,8,thirteen
18511,c,2,a,8,c,8,thirteen
18999,c,2,g,3,e,6,thirteen
20258,d,2,c,1,g,4,thirteen
14391,c,2,d,5,e,2,twelve
24935,d,1,g,3,b,3,fourteen
17589,b,2,a,8,h,5,thirteen
1816,d,1,e,5,f,6,draw
9977,d,3,f,8,h,5,ten
15901,d,2,g,8,a,7,twelve
17069,b,1,b,6,d,7,thirteen
4250,d,3,a,4,a,2,six
10956,c,1,f,1,g,4,eleven
15984,d,2,h,8,d,8,twelve
20432,d,2,e,5,c,6,thirteen
1102,c,1,h,4,g,4,draw
13435,b,1,f,1,g,5,twelve
10961,c,1,f,1,h,2,eleven
8982,c,2,e,7,b,8,ten
3562,d,1,h,7,a,1,five
1147,c,2,a,7,b,7,draw
7348,c,3,h,1,d,1,nine
8242,d,4,f,5,f,3,nine
9456,d,2,c,2,a,5,ten
12670,d,3,e,6,c,6,eleven
15138,d,1,a,3,h,6,twelve
9206,c,3,e,5,g,2,ten
75,a,1,f,1,e,2,draw
2940,c,1,h,6,a,1,two
16210,d,3,b,8,g,4,twelve
23732,c,2,b,6,c,4,fourteen
21892,b,1,f,4,b,5,fourteen
24214,d,1,a,4,d,4,fourteen
5141,d,4,g,3,a,1,seven
10427,a,1,h,5,c,1,eleven
787,c,1,b,3,a,4,draw
16101,d,3,b,1,b,5,twelve
5539,c,2,e,6,h,1,eight
15194,d,1,b,5,h,8,twelve
3883,d,4,f,2,c,1,five
5197,b,1,a,3,h,2,eight
22676,c,1,a,3,c,6,fourteen
16449,d,3,f,6,b,6,twelve
3628,d,2,e,8,b,2,five
5554,c,2,g,3,h,7,eight
24831,d,1,f,4,a,5,fourteen
10808,c,1,a,1,f,2,eleven
11166,c,2,d,6,a,5,eleven
5167,d,4,h,5,h,1,seven
15122,d,1,a,1,f,2,twelve
13023,d,4,d,2,f,2,eleven
13660,b,2,e,2,h,8,twelve
25950,a,1,h,4,h,6,fifteen
18952,c,2,f,8,c,8,thirteen
6397,d,4,e,5,f,1,eight
24323,d,1,a,8,f,6,fourteen
7150,c,2,f,4,e,1,nine
15288,d,1,d,7,g,2,twelve
4492,a,1,b,2,c,1,seven
22543,b,2,g,8,g,5,fourteen
11271,c,2,f,2,g,8,eleven
7211,c,2,h,7,e,1,nine
23224,c,1,e,7,d,3,fourteen
12705,d,3,e,8,d,5,eleven
23227,c,1,e,7,e,3,fourteen
1973,d,1,h,6,g,6,draw
7303,c,3,e,6,h,7,nine
26535,b,1,g,6,e,2,fifteen
18273,c,1,g,5,b,6,thirteen
2267,d,2,g,6,h,5,draw
15066,c,3,g,8,g,5,twelve
17875,c,1,a,5,e,7,thirteen
18169,c,1,e,6,d,8,thirteen
23081,c,1,d,3,f,5,fourteen
6881,c,1,a,2,h,2,nine
18201,c,1,f,1,a,3,thirteen
5529,c,2,e,4,e,2,eight
24314,d,1,a,8,e,3,fourteen
1082,c,1,g,8,f,7,draw
20296,d,2,c,3,d,8,thirteen
15388,d,1,f,2,a,8,twelve
2639,d,4,b,1,b,2,draw
13225,a,1,e,7,h,1,twelve
27778,a,1,d,6,g,3,sixteen
26068,b,1,b,3,f,6,fifteen
13163,a,1,a,4,f,3,twelve
6856,b,2,g,4,h,8,nine
18165,c,1,e,6,b,7,thirteen
6811,b,2,c,8,g,1,nine
843,c,1,c,5,b,5,draw
24898,d,1,g,1,c,7,fourteen
9628,d,2,f,6,h,3,ten
7784,d,3,e,6,h,3,nine
5745,d,1,d,8,h,2,eight
18229,c,1,f,6,b,8,thirteen
14615,c,2,f,5,e,2,twelve
716,b,2,g,7,h,7,draw
20022,d,2,a,4,d,5,thirteen
16739,d,4,h,3,f,3,twelve
14632,c,2,f,6,h,4,twelve
9682,d,2,h,5,h,3,ten
23874,c,2,d,7,e,3,fourteen
1815,d,1,e,5,f,5,draw
25063,d,1,h,1,f,4,fourteen
11913,d,2,a,2,h,8,eleven
9080,c,3,a,5,e,1,ten
22718,c,1,a,4,f,5,fourteen
10962,c,1,f,1,h,3,eleven
2870,c,2,h,3,a,2,one
2491,d,3,e,8,f,8,draw
23803,c,2,c,6,g,6,fourteen
16793,a,1,b,8,g,2,thirteen
26551,b,1,g,7,d,5,fifteen
910,c,1,d,8,c,7,draw
24423,d,1,b,5,b,7,fourteen
23202,c,1,e,6,a,5,fourteen
21262,a,1,h,6,h,2,fourteen
7512,d,2,e,7,h,8,nine
14395,c,2,d,5,g,5,twelve
18785,c,2,d,5,e,7,thirteen
21732,b,1,d,8,g,7,fourteen
5437,c,2,b,2,h,1,eight
16970,a,1,h,8,h,1,thirteen
24532,d,1,c,3,e,8,fourteen
7611,d,3,b,7,h,3,nine
9063,c,2,h,8,e,2,ten
17923,c,1,b,3,h,4,thirteen
25886,a,1,g,1,e,5,fifteen
9772,d,3,d,2,a,3,ten
4572,c,1,d,3,g,1,seven
8128,d,4,d,6,e,1,nine
15765,d,2,e,3,f,5,twelve
22941,c,1,b,7,g,5,fourteen
20490,d,2,f,2,c,7,thirteen
16605,d,3,h,2,c,7,twelve
15873,d,2,g,5,b,7,twelve
6166,d,3,e,8,h,2,eight
7672,d,3,c,7,a,3,nine
8855,c,2,a,8,a,4,ten
6107,d,3,d,5,f,1,eight
20003,d,2,a,3,c,6,thirteen
16635,d,3,h,3,f,7,twelve
7936,d,4,a,5,f,1,nine
9674,d,2,h,1,a,8,ten
3933,c,2,b,1,a,7,six
9613,d,2,f,3,h,8,ten
1085,c,1,g,8,h,7,draw
22752,c,1,a,6,f,3,fourteen
12952,d,4,b,3,f,5,eleven
21984,b,1,g,4,d,4,fourteen
8198,d,4,e,6,g,2,nine
19003,c,2,g,3,f,7,thirteen
4321,d,3,d,4,h,3,six
20482,d,2,f,1,f,8,thirteen
18668,c,2,c,1,f,8,thirteen
23252,c,1,f,1,b,5,fourteen
2841,c,2,c,8,a,1,one
21695,b,1,d,3,h,4,fourteen
20441,d,2,e,6,g,5,thirteen
1343,c,2,f,5,g,6,draw
3217,d,3,e,2,c,1,three
10748,b,2,e,5,g,1,eleven
14572,c,2,e,8,e,2,twelve
24451,d,1,b,7,g,3,fourteen
6168,d,3,f,5,a,8,eight
17287,b,1,e,4,d,7,thirteen
1788,d,1,d,7,e,7,draw
23349,c,1,g,1,g,3,fourteen
26647,b,1,h,6,f,3,fifteen
13476,b,1,f,7,a,4,twelve
23853,c,2,d,2,f,3,fourteen
24256,d,1,a,6,f,4,fourteen
91,a,1,f,3,f,4,draw
2544,d,3,g,1,h,1,draw
27073,c,1,e,4,d,6,fifteen
13769,b,2,g,8,d,2,twelve
1348,c,2,f,6,f,7,draw
2213,d,2,f,7,e,7,draw
991,c,1,f,4,e,3,draw
26038,b,1,b,2,d,5,fifteen
20886,d,3,c,3,f,4,thirteen
11733,d,1,d,2,c,8,eleven
14967,c,3,d,4,g,6,twelve
8512,b,1,f,3,d,2,ten
27121,c,1,f,3,c,3,fifteen
20308,d,2,c,3,g,4,thirteen
13541,b,1,h,5,g,1,twelve
17252,b,1,e,3,a,3,thirteen
24903,d,1,g,1,e,3,fourteen
10305,a,1,a,4,f,1,eleven
16543,d,3,g,4,e,6,twelve
26325,b,1,d,8,e,4,fifteen
20748,d,2,h,2,d,7,thirteen
24086,c,2,h,8,d,4,fourteen
6549,d,4,g,7,e,1,eight
25635,a,1,b,7,h,6,fifteen
16525,d,3,g,3,e,6,twelve
26098,b,1,b,7,b,5,fifteen
17892,c,1,a,6,b,8,thirteen
15849,d,2,f,6,e,8,twelve
7643,d,3,c,3,a,5,nine
9532,d,2,d,7,f,8,ten
2302,d,2,h,5,g,5,draw
19479,d,1,a,5,c,4,thirteen
14533,c,2,e,6,f,3,twelve
1317,c,2,f,2,g,1,draw
20303,d,2,c,3,f,4,thirteen
25726,a,1,d,5,d,2,fifteen
21951,b,1,g,2,c,8,fourteen
7267,c,3,c,4,e,1,nine
6114,d,3,d,5,h,4,eight
14566,c,2,e,8,b,4,twelve
8155,d,4,d,8,h,5,nine
287,b,1,c,5,d,4,draw
12257,d,2,h,1,a,6,eleven
2573,d,3,g,5,g,4,draw
10883,c,1,d,2,c,5,eleven
16889,a,1,f,4,e,2,thirteen
14436,c,2,e,1,g,4,twelve
6059,d,3,c,5,h,3,eight
22952,c,1,b,8,e,4,fourteen
11357,c,2,g,8,g,1,eleven
10383,a,1,f,3,f,1,eleven
25151,d,1,h,4,f,4,fourteen
16414,d,3,f,3,b,4,twelve
4255,d,3,a,5,a,2,six
10923,c,1,e,4,f,7,eleven
4604,c,2,b,1,a,8,seven
8805,c,1,h,1,f,1,ten
13709,b,2,f,4,e,2,twelve
2915,c,1,e,1,a,1,two
26697,b,2,b,7,e,4,fifteen
27131,c,1,f,3,f,5,fifteen
25163,d,1,h,5,h,7,fourteen
25346,d,2,c,7,e,4,fourteen
13817,c,1,a,3,h,7,twelve
24487,d,1,c,1,e,8,fourteen
20156,d,2,b,3,e,4,thirteen
23517,c,1,h,2,d,5,fourteen
14556,c,2,e,7,g,6,twelve
4843,d,2,h,3,f,2,seven
21022,a,1,b,8,h,7,fourteen
20108,d,2,b,1,f,4,thirteen
13587,b,2,a,7,f,2,twelve
15725,d,2,e,1,f,3,twelve
19551,d,1,b,6,d,8,thirteen
12329,d,3,a,2,d,8,eleven
2106,d,2,d,4,c,4,draw
5255,b,2,c,3,h,1,eight
18170,c,1,e,6,e,8,thirteen
20091,d,2,b,1,b,3,thirteen
18924,c,2,f,4,c,8,thirteen
20236,d,2,b,8,f,8,thirteen
16047,d,3,a,4,d,7,twelve
25509,a,1,a,2,g,5,fifteen
27270,c,1,g,7,f,3,fifteen
718,b,2,g,8,h,7,draw
11859,d,1,f,7,h,4,eleven
10292,d,4,h,7,h,3,ten
1279,c,2,e,5,d,5,draw
8303,d,4,h,6,e,1,nine
20155,d,2,b,3,d,8,thirteen
20952,a,1,a,2,h,6,fourteen
5935,d,2,h,7,h,1,eight
10654,b,1,h,7,f,8,eleven
22312,b,2,c,2,g,4,fourteen
23663,c,1,h,8,f,4,fourteen
9424,d,2,a,5,a,3,ten
27277,c,1,g,8,d,7,fifteen
19451,c,3,h,8,f,6,thirteen
15600,d,2,b,6,c,8,twelve
8808,c,1,h,4,a,8,ten
25620,a,1,b,6,g,3,fifteen
20977,a,1,a,7,h,3,fourteen
1791,d,1,d,8,c,8,draw
5001,d,3,g,4,g,1,seven
6305,d,4,b,7,d,1,eight
25566,a,1,a,8,g,4,fifteen
17710,b,2,e,1,e,4,thirteen
25918,a,1,g,8,g,4,fifteen
1240,c,2,d,6,d,7,draw
2001,d,2,a,4,b,4,draw
5510,c,2,c,8,g,1,eight
1362,c,2,f,8,f,7,draw
14540,c,2,e,6,h,4,twelve
17617,b,2,b,6,g,3,thirteen
2059,d,2,b,7,a,7,draw
5878,d,2,c,8,h,2,eight
20374,d,2,d,3,g,5,thirteen
21074,a,1,d,2,h,4,fourteen
33,a,1,d,3,e,4,draw
796,c,1,b,4,c,3,draw
3916,b,2,d,2,g,1,six
272,b,1,c,3,d,3,draw
3703,d,3,a,8,a,1,five
14893,c,3,b,8,g,6,twelve
17289,b,1,e,4,e,2,thirteen
23908,c,2,f,3,c,5,fourteen
20310,d,2,c,3,g,6,thirteen
6103,d,3,d,4,c,7,eight
25153,d,1,h,4,f,6,fourteen
11521,c,3,e,6,e,2,eleven
11059,c,1,h,7,a,2,eleven
4725,d,1,b,6,b,1,seven
19754,d,1,e,5,f,2,thirteen
15769,d,2,e,3,g,5,twelve
3558,d,1,h,5,a,1,five
6809,b,2,c,7,g,1,nine
3639,d,2,f,4,b,2,five
8995,c,2,f,3,a,6,ten
4591,c,1,g,6,h,1,seven
15971,d,2,h,7,a,7,twelve
9005,c,2,f,6,e,1,ten
18436,c,2,a,3,e,7,thirteen
23084,c,1,d,3,g,4,fourteen
27874,a,1,g,7,e,4,sixteen
12372,d,3,a,5,e,6,eleven
12166,d,2,e,5,d,8,eleven
24561,d,1,c,5,c,7,fourteen
12654,d,3,e,3,e,6,eleven
4781,d,2,b,8,a,5,seven
25423,d,2,f,6,d,6,fourteen
9893,d,3,e,6,f,8,ten
27247,c,1,g,6,e,4,fifteen
4024,d,1,c,1,h,1,six
25007,d,1,g,7,a,5,fourteen
17887,c,1,a,5,h,5,thirteen
21822,b,1,e,6,h,5,fourteen
1519,c,3,f,4,f,3,draw
3871,d,4,a,2,d,1,five
6353,d,4,d,3,f,1,eight
14771,c,2,h,8,c,8,twelve
8940,c,2,d,4,c,6,ten
10199,d,4,e,3,f,3,ten
5621,c,3,d,6,g,1,eight
11260,c,2,f,1,h,6,eleven
25911,a,1,g,7,e,2,fifteen
7593,d,3,b,3,g,3,nine
9362,d,1,e,5,a,4,ten
18788,c,2,d,5,f,5,thirteen
22872,c,1,b,3,d,8,fourteen
19532,d,1,b,4,h,7,thirteen
22639,c,1,a,1,h,5,fourteen
7812,d,3,f,4,g,6,nine
3027,c,3,d,5,c,1,two
23632,c,1,h,7,d,4,fourteen
853,c,1,c,6,c,5,draw
14871,c,3,b,5,f,5,twelve
18742,c,2,d,1,d,8,thirteen
4107,d,2,a,6,h,1,six
19748,d,1,e,4,g,4,thirteen
7393,d,1,c,4,b,8,nine
26217,b,1,c,7,f,3,fifteen
11582,c,3,f,7,g,5,eleven
9239,c,3,f,3,h,8,ten
24950,d,1,g,3,e,6,fourteen
4970,d,3,f,6,g,1,seven
6343,d,4,c,8,h,2,eight
13088,d,4,g,1,f,6,eleven
24564,d,1,c,5,d,8,fourteen
5363,c,1,f,3,f,1,eight
18575,c,2,b,3,c,7,thirteen
17882,c,1,a,5,f,8,thirteen
6137,d,3,d,8,g,2,eight
16495,d,3,g,2,c,7,twelve
25411,d,2,f,3,d,4,fourteen
6663,b,1,c,1,b,8,nine
25029,d,1,g,8,c,8,fourteen
3416,d,4,c,2,a,1,four
1700,d,1,b,7,b,6,draw
17340,b,1,e,8,h,4,thirteen
20379,d,2,d,5,f,5,thirteen
8753,c,1,c,8,a,6,ten
425,b,1,f,1,g,1,draw
13948,c,1,d,6,c,8,twelve
12615,d,3,e,1,f,5,eleven
7109,c,2,d,7,a,8,nine
11542,c,3,e,8,h,4,eleven
11929,d,2,a,4,h,4,eleven
4987,d,3,g,1,h,6,seven
7792,d,3,f,1,a,8,nine
26703,b,2,c,2,d,4,fifteen
23895,c,2,e,6,e,4,fourteen
4320,d,3,d,4,h,2,six
8577,b,2,a,4,d,3,ten
15148,d,1,a,5,f,2,twelve
6475,d,4,f,6,c,1,eight
1821,d,1,e,6,e,7,draw
26904,c,1,b,7,e,6,fifteen
10897,c,1,d,4,b,8,eleven
19775,d,1,e,6,g,4,thirteen
21274,a,1,h,8,h,4,fourteen
7883,d,3,h,6,a,6,nine
11643,c,3,h,8,h,3,eleven
17124,b,1,d,4,a,3,thirteen
11649,d,1,a,7,a,2,eleven
24958,d,1,g,4,a,6,fourteen
5297,c,1,b,4,f,1,eight
614,b,2,e,4,d,3,draw
713,b,2,g,7,f,6,draw
195,a,1,h,7,g,7,draw
23841,c,2,d,1,e,5,fourteen
1849,d,1,f,3,f,2,draw
17893,c,1,a,6,c,7,thirteen
6750,b,1,g,8,h,6,nine
7167,c,2,f,7,h,8,nine
11673,d,1,c,1,b,5,eleven
20738,d,2,h,2,b,5,thirteen
9528,d,2,d,6,a,7,ten
7820,d,3,f,5,a,5,nine
26934,c,1,c,2,f,3,fifteen
14361,c,2,d,1,h,6,twelve
11432,c,3,b,6,h,3,eleven
518,b,1,g,6,f,6,draw
2907,c,1,c,8,a,1,two
3590,d,2,c,6,a,1,five
7047,c,2,c,6,a,3,nine
12634,d,3,e,2,f,4,eleven
23426,c,1,g,5,e,7,fourteen
18116,c,1,e,2,g,7,thirteen
2799,c,1,a,6,a,1,zero
19187,c,2,h,7,d,7,thirteen
2073,d,2,c,4,b,5,draw
13154,d,4,h,8,g,6,eleven
21032,a,1,c,2,h,5,fourteen
22760,c,1,a,6,h,4,fourteen
6407,d,4,e,6,e,1,eight
15856,d,2,f,8,a,7,twelve
21431,b,1,a,7,h,7,fourteen
7132,c,2,e,6,f,1,nine
21192,a,1,f,6,e,1,fourteen
5428,c,2,a,8,g,1,eight
434,b,1,f,2,g,3,draw
13042,d,4,d,6,g,6,eleven
2778,d,4,h,4,h,3,draw
6385,d,4,e,4,f,2,eight
15994,d,3,a,1,d,7,twelve
25745,a,1,d,7,e,2,fifteen
19423,c,3,h,3,f,5,thirteen
22858,c,1,b,2,e,8,fourteen
10439,b,1,a,1,g,2,eleven
18636,c,2,b,7,g,7,thirteen
9097,c,3,a,7,e,1,ten
6393,d,4,e,5,c,2,eight
24994,d,1,g,5,g,7,fourteen
23929,c,2,f,7,c,4,fourteen
24173,d,1,a,2,f,7,fourteen
4057,d,1,d,5,h,1,six
9210,c,3,e,5,g,6,ten
14573,c,2,e,8,f,2,twelve
20455,d,2,e,8,c,4,thirteen
1746,d,1,c,7,d,7,draw
2720,d,4,g,2,g,1,draw
16083,d,3,a,7,g,6,twelve
21673,b,1,d,1,g,5,fourteen
18606,c,2,b,4,f,4,thirteen
4613,c,2,b,3,e,2,seven
15094,c,3,h,5,e,5,twelve
24752,d,1,e,7,b,3,fourteen
25987,b,1,a,3,d,3,fifteen
19854,d,1,g,5,b,6,thirteen
1270,c,2,e,3,f,4,draw
11990,d,2,c,1,h,4,eleven
2053,d,2,b,6,b,5,draw
3531,d,1,f,6,b,1,five
2009,d,2,a,6,a,7,draw
1987,d,2,a,1,b,2,draw
16641,d,3,h,4,c,7,twelve
15523,d,2,a,4,c,8,twelve
8170,d,4,e,3,c,2,nine
1530,c,3,f,5,g,6,draw
17127,b,1,d,4,b,5,thirteen
3500,d,1,d,8,b,1,five
521,b,1,g,6,g,7,draw
12693,d,3,e,7,g,5,eleven
4021,d,1,b,8,h,1,six
2644,d,4,b,2,c,1,draw
20669,d,2,g,6,b,6,thirteen
4363,d,3,e,8,b,2,six
17147,b,1,d,5,b,4,thirteen
14801,c,3,a,3,h,7,twelve
9320,d,1,c,3,a,3,ten
1046,c,1,g,3,g,4,draw
18685,c,2,c,3,g,6,thirteen
8100,d,4,d,1,h,6,nine
23775,c,2,c,1,f,2,fourteen
16078,d,3,a,7,f,5,twelve
9437,d,2,b,6,h,3,ten
15406,d,1,f,6,h,4,twelve
20492,d,2,f,2,d,6,thirteen
19602,d,1,d,3,e,8,thirteen
11746,d,1,d,4,b,7,eleven
1912,d,1,g,4,f,3,draw
18689,c,2,c,3,h,5,thirteen
12468,d,3,b,7,h,6,eleven
22746,c,1,a,6,d,5,fourteen
4581,c,1,e,3,h,2,seven
17681,b,2,d,3,h,8,thirteen
2430,d,3,c,8,b,8,draw
18717,c,2,c,5,f,5,thirteen
804,c,1,b,5,c,4,draw
16320,d,3,d,2,c,5,twelve
15117,d,1,a,1,a,4,twelve
19477,d,1,a,5,b,8,thirteen
592,b,2,d,5,e,4,draw
27032,c,1,d,4,f,5,fifteen
2014,d,2,a,7,a,8,draw
24848,d,1,f,5,b,5,fourteen
158,a,1,g,6,h,6,draw
9163,c,3,c,5,h,4,ten
16743,d,4,h,3,h,5,twelve
19662,d,1,d,7,b,6,thirteen
7036,c,2,c,3,b,5,nine
15282,d,1,d,7,a,3,twelve
12365,d,3,a,5,c,7,eleven
26109,b,1,b,7,e,5,fifteen
11301,c,2,f,6,a,8,eleven
14111,c,1,g,7,a,4,twelve
27642,d,1,g,7,d,3,fifteen
7980,d,4,b,3,d,1,nine
26253,b,1,d,1,d,6,fifteen
25820,a,1,e,6,e,1,fifteen
24945,d,1,g,3,d,4,fourteen
646,b,2,f,3,g,3,draw
21289,b,1,a,1,c,8,fourteen
7074,c,2,d,1,c,8,nine
8321,a,1,a,5,h,1,ten
2097,d,2,c,7,c,8,draw
25049,d,1,h,1,c,7,fourteen
17391,b,1,f,6,b,7,thirteen
5708,d,1,b,1,a,5,eight
7333,c,3,g,3,h,5,nine
6199,d,3,g,6,a,5,eight
1834,d,1,e,8,d,8,draw
27162,c,1,f,7,c,7,fifteen
25628,a,1,b,7,d,2,fifteen
5625,c,3,d,7,f,1,eight
35,a,1,d,4,d,3,draw
14528,c,2,e,6,c,8,twelve
23358,c,1,g,2,c,3,fourteen
7079,c,2,d,2,a,8,nine
18986,c,2,g,2,f,6,thirteen
24803,d,1,f,2,e,7,fourteen
16221,d,3,c,1,e,6,twelve
1559,c,3,g,4,f,4,draw
24930,d,1,g,2,g,4,fourteen
4137,d,2,b,4,g,1,six
8476,b,1,c,7,b,4,ten
8511,b,1,f,3,d,1,ten
7059,c,2,c,7,g,8,nine
16185,d,3,b,7,e,6,twelve
7176,c,2,g,4,a,7,nine
7050,c,2,c,6,b,8,nine
2828,c,1,h,3,a,2,one
14904,c,3,c,2,g,5,twelve
16592,d,3,h,1,e,7,twelve
18126,c,1,e,3,c,8,thirteen
3532,d,1,f,7,a,1,five
25491,d,2,g,8,e,7,fourteen
26046,b,1,b,2,f,5,fifteen
10478,b,1,b,7,g,2,eleven
22289,b,2,b,8,f,4,fourteen
8679,b,2,g,8,d,1,ten
15598,d,2,b,5,h,7,twelve
2269,d,2,g,6,h,7,draw
8809,c,1,h,4,f,2,ten
2624,d,3,h,6,g,7,draw
9291,d,1,a,6,b,1,ten
10184,d,4,d,8,g,2,ten
27821,a,1,f,7,f,4,sixteen
14947,c,3,d,2,g,7,twelve
14865,c,3,b,4,g,5,twelve
9813,d,3,e,1,c,7,ten
27709,a,1,c,2,f,4,sixteen
21779,b,1,e,5,a,3,fourteen
14160,c,1,h,7,a,4,twelve
10773,b,2,f,4,h,2,eleven
9009,c,2,f,7,a,3,ten
24192,d,1,a,3,e,3,fourteen
7346,c,3,g,8,d,1,nine
21946,b,1,g,1,g,6,fourteen
6775,b,2,a,6,h,1,nine
21111,a,1,e,1,g,4,fourteen
15087,c,3,h,3,g,7,twelve
16623,d,3,h,3,c,6,twelve
5961,d,3,a,6,e,1,eight
10413,a,1,g,6,h,8,eleven
19270,c,3,b,8,f,5,thirteen
5289,c,1,b,2,a,3,eight
8531,b,1,g,4,h,2,ten
25769,a,1,d,8,g,5,fifteen
22112,b,1,h,4,f,4,fourteen
532,b,1,g,7,h,8,draw
3140,d,3,g,7,d,1,two
7561,d,3,a,4,a,6,nine
9576,d,2,f,1,g,4,ten
13489,b,1,f,8,h,5,twelve
22632,c,1,a,1,f,7,fourteen
20007,d,2,a,3,e,4,thirteen
21458,b,1,a,8,f,5,fourteen
7016,c,2,a,7,h,2,nine
23765,c,2,b,8,e,5,fourteen
25908,a,1,g,5,f,3,fifteen
15757,d,2,e,3,c,7,twelve
26580,b,1,h,1,c,4,fifteen
27795,a,1,f,2,f,6,sixteen
6990,c,1,h,1,e,1,nine
20846,d,2,h,8,c,5,thirteen
14066,c,1,f,5,g,3,twelve
25623,a,1,b,6,g,6,fifteen
4842,d,2,h,3,f,1,seven
27231,c,1,g,4,e,5,fifteen
24370,d,1,b,2,f,7,fourteen
182,a,1,h,4,h,3,draw
23275,c,1,f,3,c,7,fourteen
20320,d,2,c,4,e,6,thirteen
1405,c,2,g,6,g,5,draw
4975,d,3,f,7,f,1,seven
8072,d,4,c,6,f,1,nine
24436,d,1,b,5,e,7,fourteen
10953,c,1,e,8,g,1,eleven
22012,b,1,g,5,f,8,fourteen
9283,d,1,a,2,g,2,ten
13875,c,1,c,3,h,7,twelve
21967,b,1,g,3,e,8,fourteen
2297,d,2,h,4,g,4,draw
585,b,2,d,3,e,2,draw
405,b,1,e,6,e,7,draw
13818,c,1,a,3,h,8,twelve
350,b,1,d,6,e,7,draw
17473,b,1,h,1,b,6,thirteen
16455,d,3,f,8,b,8,twelve
11637,c,3,h,7,f,2,eleven
16536,d,3,g,4,c,5,twelve
24115,d,1,a,1,b,5,fourteen
18942,c,2,f,5,f,3,thirteen
20473,d,2,f,1,c,8,thirteen
23239,c,1,e,8,c,6,fourteen
10714,b,2,d,2,g,2,eleven
11163,c,2,d,5,c,7,eleven
25591,a,1,b,2,g,5,fifteen
9640,d,2,f,7,h,3,ten
14996,c,3,e,1,e,4,twelve
205,b,1,a,4,b,3,draw
2140,d,2,e,4,d,4,draw
12644,d,3,e,3,a,5,eleven
9886,d,3,e,5,c,8,ten
18840,c,2,e,5,c,4,thirteen
18646,c,2,b,8,e,8,thirteen
13934,c,1,d,5,c,8,twelve
25146,d,1,h,4,e,4,fourteen
8058,d,4,c,4,d,2,nine
20875,d,3,b,7,d,5,thirteen
7341,c,3,g,6,d,1,nine
7136,c,2,e,7,e,1,nine
1895,d,1,g,1,h,2,draw
15780,d,2,e,4,e,6,twelve
11800,d,1,e,8,b,2,eleven
7729,d,3,d,6,h,5,nine
23401,c,1,g,4,c,7,fourteen
19838,d,1,g,2,b,3,thirteen
6116,d,3,d,6,a,5,eight
21125,a,1,e,2,h,3,fourteen
18983,c,2,g,2,e,6,thirteen
21775,b,1,e,4,f,6,fourteen
2521,d,3,f,6,e,6,draw
24305,d,1,a,8,c,6,fourteen
2110,d,2,d,4,e,5,draw
6882,c,1,a,4,f,2,nine
7878,d,3,h,5,a,6,nine
22864,c,1,b,2,g,6,fourteen
12027,d,2,d,3,a,3,eleven
1254,c,2,d,8,d,7,draw
20133,d,2,b,2,f,4,thirteen
25329,d,2,c,2,e,4,fourteen
20246,d,2,c,1,d,6,thirteen
18827,c,2,e,1,e,4,thirteen
8877,c,2,b,7,e,2,ten
24550,d,1,c,4,f,6,fourteen
10587,b,1,f,1,a,6,eleven
2365,d,3,b,3,a,2,draw
25210,d,1,h,7,e,5,fourteen
15500,d,1,h,8,a,5,twelve
24240,d,1,a,6,a,4,fourteen
25828,a,1,e,6,g,3,fifteen
20036,d,2,a,5,c,4,thirteen
26912,c,1,b,8,c,5,fifteen
16566,d,3,g,8,c,5,twelve
26538,b,1,g,6,f,3,fifteen
3789,d,3,e,6,b,1,five
15723,d,2,e,1,e,7,twelve
4600,c,2,a,3,h,2,seven
22207,b,2,a,3,e,4,fourteen
22472,b,2,f,1,e,4,fourteen
19881,d,1,g,8,g,2,thirteen
7886,d,3,h,6,f,2,nine
17483,b,1,h,1,h,8,thirteen
3511,d,1,e,5,b,1,five
24097,c,3,f,6,e,4,fourteen
12433,d,3,b,4,g,5,eleven
26297,b,1,d,5,d,3,fifteen
16888,a,1,f,4,e,1,thirteen
19894,d,1,h,2,c,3,thirteen
26506,b,1,g,3,f,6,fifteen
16121,d,3,b,1,g,6,twelve
16738,d,4,g,8,g,6,twelve
12900,d,4,a,2,f,4,eleven
22152,b,1,h,6,b,3,fourteen
12970,d,4,b,7,g,4,eleven
19710,d,1,e,2,e,8,thirteen
16537,d,3,g,4,c,6,twelve
2913,c,1,d,7,a,1,two
15705,d,2,d,7,b,5,twelve
918,c,1,e,2,a,1,draw
6192,d,3,g,4,g,2,eight
15839,d,2,f,5,b,6,twelve
22693,c,1,a,3,f,5,fourteen
13371,b,1,d,7,a,5,twelve
20800,d,2,h,4,f,6,thirteen
16637,d,3,h,3,g,6,twelve
7088,c,2,d,4,a,7,nine
4177,d,2,c,7,f,1,six
12502,d,3,c,4,g,6,eleven
14979,c,3,d,6,h,6,twelve
11891,d,1,h,3,a,6,eleven
26713,b,2,c,3,f,3,fifteen
21600,b,1,c,3,h,5,fourteen
25288,d,2,b,1,c,4,fourteen
10740,b,2,e,4,d,2,eleven
3544,d,1,g,5,b,1,five
8150,d,4,d,8,e,1,nine
9716,d,3,a,6,a,8,ten
26515,b,1,g,5,b,5,fifteen
4553,c,1,b,3,a,8,seven
15995,d,3,a,1,e,5,twelve
27403,d,1,c,1,e,5,fifteen
18311,c,1,h,3,a,5,thirteen
25335,d,2,c,6,e,6,fourteen
24269,d,1,a,7,b,5,fourteen
18298,c,1,h,1,a,4,thirteen
5976,d,3,a,8,e,1,eight
15404,d,1,f,6,a,3,twelve
6604,d,4,h,8,h,1,eight
17447,b,1,g,4,b,3,thirteen
26495,b,1,g,3,b,4,fifteen
5545,c,2,g,2,h,4,eight
23104,c,1,d,5,g,3,fourteen
15663,d,2,d,1,f,7,twelve
519,b,1,g,6,f,7,draw
9290,d,1,a,6,a,1,ten
25437,d,2,f,7,d,7,fourteen
11814,d,1,f,1,h,6,eleven
24885,d,1,f,8,c,3,fourteen
1038,c,1,g,2,g,3,draw
5559,c,2,g,5,h,2,eight
21151,a,1,e,7,f,1,fourteen
249,b,1,b,6,a,7,draw
13051,d,4,d,8,g,5,eleven
24009,c,2,g,7,c,5,fourteen
26,a,1,d,2,e,3,draw
23845,c,2,d,1,f,5,fourteen
9524,d,2,d,4,c,7,ten
13600,b,2,b,5,f,4,twelve
25940,a,1,h,3,g,7,fifteen
19149,c,2,h,4,e,8,thirteen
6776,b,2,a,7,g,1,nine
17564,b,2,a,4,h,4,thirteen
17458,b,1,g,6,c,7,thirteen
23265,c,1,f,2,c,8,fourteen
11365,c,2,h,2,a,7,eleven
26447,b,1,f,8,d,3,fifteen
10534,b,1,d,2,c,7,eleven
17706,b,2,d,8,h,7,thirteen
11670,d,1,c,1,b,2,eleven
25444,d,2,f,8,c,6,fourteen
5599,c,3,c,4,h,3,eight
27466,d,1,c,8,e,4,fifteen
13236,a,1,f,4,c,1,twelve
14429,c,2,e,1,f,4,twelve
8172,d,4,e,3,e,1,nine
12890,d,3,h,8,h,5,eleven
7309,c,3,e,8,f,1,nine
13106,d,4,g,6,g,3,eleven
6007,d,3,b,6,g,2,eight
7894,d,3,h,8,f,2,nine
14767,c,2,h,8,b,5,twelve
24862,d,1,f,5,e,7,fourteen
5991,d,3,b,3,f,2,eight
21971,b,1,g,3,g,8,fourteen
7952,d,4,a,7,h,5,nine
15974,d,2,h,8,a,6,twelve
20622,d,2,g,3,e,5,thirteen
13151,d,4,h,8,f,6,eleven
22501,b,2,g,1,f,5,fourteen
19402,c,3,g,7,f,3,thirteen
12977,d,4,b,8,g,6,eleven
5922,d,2,g,8,h,5,eight
23080,c,1,d,3,f,4,fourteen
17305,b,1,e,6,b,8,thirteen
27041,c,1,d,6,f,4,fifteen
18724,c,2,c,7,g,4,thirteen
7416,d,1,f,7,g,1,nine
9165,c,3,c,6,e,1,ten
20570,d,2,g,1,d,7,thirteen
26181,b,1,c,3,f,6,fifteen
14123,c,1,h,1,b,8,twelve
16853,a,1,e,4,c,3,thirteen
13009,d,4,c,6,g,3,eleven
22874,c,1,b,3,e,4,fourteen
17607,b,2,b,4,h,6,thirteen
17991,c,1,c,6,h,7,thirteen
6459,d,4,f,5,b,2,eight
3664,d,2,g,7,h,1,five
5286,c,1,b,1,a,5,eight
446,b,1,f,4,f,3,draw
5494,c,2,c,5,b,8,eight
26370,b,1,e,7,e,2,fifteen
23092,c,1,d,5,d,8,fourteen
26633,b,1,h,6,b,5,fifteen
15921,d,2,h,3,b,4,twelve
11844,d,1,f,6,b,2,eleven
27921,a,1,h,6,g,4,sixteen
22904,c,1,b,4,f,8,fourteen
24103,c,3,g,3,e,5,fourteen
13754,b,2,g,1,d,2,twelve
12604,d,3,e,1,b,5,eleven
25043,d,1,h,1,b,6,fourteen
26785,b,2,g,6,e,5,fifteen
13741,b,2,f,7,g,3,twelve
17929,c,1,b,5,f,3,thirteen
14809,c,3,a,5,f,5,twelve
19283,c,3,c,2,e,5,thirteen
10254,d,4,g,6,g,2,ten
8285,d,4,h,3,f,1,nine
18394,c,2,a,1,f,5,thirteen
23412,c,1,g,4,g,7,fourteen
6419,d,4,e,7,g,1,eight
6768,b,2,a,4,g,1,nine
1609,c,3,h,5,h,6,draw
5174,a,1,a,2,h,1,eight
11229,c,2,e,4,h,5,eleven
7365,c,3,h,7,d,1,nine
2565,d,3,g,4,g,3,draw
26000,b,1,a,6,c,4,fifteen
23375,c,1,g,3,c,4,fourteen
1820,d,1,e,6,e,5,draw
21156,a,1,e,7,g,3,fourteen
26473,b,1,g,1,e,6,fifteen
22868,c,1,b,3,c,7,fourteen
1547,c,3,g,2,h,1,draw
10589,b,1,f,1,g,4,eleven
25773,a,1,e,1,c,3,fifteen
23612,c,1,h,6,d,3,fourteen
5378,c,1,g,4,g,1,eight
5374,c,1,g,3,f,1,eight
24021,c,2,g,7,f,3,fourteen
859,c,1,c,7,b,7,draw
27192,c,1,f,8,f,2,fifteen
11337,c,2,g,4,b,8,eleven
1458,c,2,h,8,h,7,draw
9378,d,1,f,6,h,7,ten
6332,d,4,c,6,d,2,eight
3991,d,1,a,6,h,1,six
22197,b,2,a,2,e,3,fourteen
3932,c,2,b,1,a,5,six
11010,c,1,f,7,h,3,eleven
12484,d,3,c,1,h,8,eleven
16667,d,3,h,7,c,6,twelve
11107,c,2,b,3,h,3,eleven
26321,b,1,d,8,d,5,fifteen
8792,c,1,f,7,g,1,ten
7978,d,4,b,2,h,7,nine
23465,c,1,g,8,e,2,fourteen
25130,d,1,h,4,a,4,fourteen
13815,c,1,a,2,h,8,twelve
26740,b,2,f,2,d,4,fifteen
20736,d,2,h,2,b,3,thirteen
25736,a,1,d,5,g,5,fifteen
1289,c,2,e,6,e,5,draw
21552,b,1,b,8,e,2,fourteen
18434,c,2,a,3,d,7,thirteen
1577,c,3,g,6,g,7,draw
13510,b,1,g,6,a,7,twelve
5584,c,3,a,4,h,3,eight
2645,d,4,b,2,c,2,draw
7762,d,3,e,4,f,8,nine
3888,d,4,g,4,h,1,five
7317,c,3,f,5,f,1,nine
15857,d,2,f,8,a,8,twelve
16823,a,1,d,5,e,1,thirteen
9825,d,3,e,2,a,4,ten
14074,c,1,f,6,a,3,twelve
10248,d,4,g,5,f,3,ten
1040,c,1,g,2,h,2,draw
22841,c,1,b,1,g,6,fourteen
17928,c,1,b,5,e,2,thirteen
20228,d,2,b,8,e,6,thirteen
4018,d,1,b,7,h,1,six
22150,b,1,h,6,a,5,fourteen
3375,d,3,b,6,a,2,four
5611,c,3,d,4,h,2,eight
5052,d,4,a,3,h,1,seven
4839,d,2,g,8,h,3,seven
21362,b,1,a,4,d,4,fourteen
20445,d,2,e,7,b,6,thirteen
18616,c,2,b,5,d,4,thirteen
7503,d,2,e,2,h,8,nine
11626,c,3,h,5,f,2,eleven
14929,c,3,c,8,e,3,twelve
7221,c,3,a,4,e,2,nine
14631,c,2,f,6,h,3,twelve
3158,c,3,c,6,b,1,three
26170,b,1,c,3,d,5,fifteen
21466,b,1,a,8,h,5,fourteen
11966,d,2,b,3,b,7,eleven
6325,d,4,c,5,d,2,eight
4126,d,2,b,2,f,1,six
361,b,1,d,8,d,7,draw
27617,d,1,g,3,f,5,fifteen
19194,c,2,h,7,g,5,thirteen
16420,d,3,f,3,d,5,twelve
17379,b,1,f,5,a,7,thirteen
20390,d,2,d,7,g,5,thirteen
7565,d,3,a,5,f,3,nine
4457,d,4,d,5,b,1,six
16768,a,1,a,7,g,2,thirteen
18203,c,1,f,1,a,5,thirteen
20763,d,2,h,3,c,5,thirteen
6943,c,1,c,4,f,3,nine
14966,c,3,d,4,g,5,twelve
12063,d,2,d,5,h,6,eleven
3260,d,1,g,3,b,2,four
11283,c,2,f,3,g,8,eleven
10268,d,4,h,1,f,2,ten
26655,b,1,h,7,c,4,fifteen
20730,d,2,h,1,f,7,thirteen
5402,c,2,a,2,g,1,eight
11907,d,2,a,1,h,7,eleven
2808,c,2,a,6,a,2,zero
12830,d,3,h,3,g,8,eleven
319,b,1,d,2,e,3,draw
22749,c,1,a,6,e,4,fourteen
16965,a,1,h,8,e,2,thirteen
2609,d,3,h,3,g,4,draw
743,b,2,h,6,g,6,draw
6701,b,1,d,5,g,1,nine
23311,c,1,f,5,d,7,fourteen
1169,c,2,b,6,a,7,draw
1851,d,1,f,3,g,2,draw
10141,d,4,c,5,h,5,ten
7141,c,2,e,8,e,1,nine
26705,b,2,c,2,e,3,fifteen
18943,c,2,f,5,f,7,thirteen
14456,c,2,e,2,d,7,twelve
14544,c,2,e,7,a,6,twelve
9603,d,2,f,3,a,8,ten
1344,c,2,f,6,e,5,draw
22329,b,2,c,5,e,3,fourteen
4875,d,3,b,6,a,4,seven
18650,c,2,b,8,g,4,thirteen
22182,b,1,h,8,g,6,fourteen
8660,b,2,g,1,h,4,ten
19989,d,2,a,2,e,6,thirteen
3072,c,3,g,4,b,1,two
14670,c,2,g,5,b,8,twelve
7072,c,2,d,1,a,8,nine
20619,d,2,g,3,d,7,thirteen
16364,d,3,d,8,g,7,twelve
8559,b,1,h,5,d,1,ten
1284,c,2,e,5,f,5,draw
21800,b,1,e,5,g,4,fourteen
17628,b,2,b,8,g,3,thirteen
10278,d,4,h,4,h,7,ten
1471,c,3,e,1,e,2,draw
26376,b,1,f,1,c,5,fifteen
24084,c,2,h,7,f,4,fourteen
27741,a,1,c,7,e,2,sixteen
18457,c,2,a,4,d,7,thirteen
12215,d,2,f,4,a,6,eleven
22679,c,1,a,3,d,3,fourteen
18041,c,1,d,4,h,7,thirteen
8960,c,2,d,8,a,6,ten
18538,c,2,b,1,d,8,thirteen
24109,c,3,g,6,g,4,fourteen
9070,c,3,a,1,f,1,ten
12010,d,2,c,6,h,8,eleven
17787,b,2,f,8,d,1,thirteen
7277,c,3,c,6,h,1,nine
6109,d,3,d,5,f,4,eight
922,c,1,e,2,f,1,draw
6662,b,1,c,1,b,7,nine
18947,c,2,f,6,a,6,thirteen
5056,d,4,a,7,h,1,seven
24705,d,1,e,2,d,6,fourteen
25303,d,2,b,6,e,4,fourteen
18214,c,1,f,3,b,7,thirteen
3256,d,1,g,2,a,1,four
27717,a,1,c,3,f,5,sixteen
18431,c,2,a,3,c,7,thirteen
9591,d,2,f,2,g,6,ten
23021,c,1,c,4,h,4,fourteen
27527,d,1,f,2,c,3,fifteen
22097,b,1,h,4,c,4,fourteen
27575,d,1,f,7,e,5,fifteen
25116,d,1,h,3,d,8,fourteen
13199,a,1,c,6,h,2,twelve
5868,d,2,c,5,h,3,eight
8485,b,1,c,8,b,3,ten
23524,c,1,h,2,e,6,fourteen
17783,b,2,f,6,f,1,thirteen
27265,c,1,g,7,e,3,fifteen
19252,c,3,b,3,f,4,thirteen
4614,c,2,b,3,f,1,seven
17980,c,1,c,5,h,8,thirteen
18413,c,2,a,2,d,7,thirteen
14052,c,1,f,3,b,8,twelve
23651,c,1,h,8,d,4,fourteen
22649,c,1,a,2,c,8,fourteen
4344,d,3,e,3,e,1,six
9805,d,3,d,8,b,6,ten
18980,c,2,g,2,d,6,thirteen
135,a,1,g,3,h,3,draw
18586,c,2,b,3,g,6,thirteen
10203,d,4,e,4,f,4,ten
6228,d,3,h,7,b,8,eight
5949,d,3,a,3,g,2,eight
12178,d,2,e,6,h,5,eleven
6174,d,3,f,5,h,6,eight
18658,c,2,c,1,c,7,thirteen
8682,b,2,h,1,e,1,ten
10146,d,4,c,6,g,2,ten
22835,c,1,b,1,f,3,fourteen
14751,c,2,h,6,f,2,twelve
18745,c,2,d,1,e,8,thirteen
10799,b,2,g,4,g,1,eleven
5444,c,2,b,4,h,1,eight
12857,d,3,h,5,f,5,eleven
4873,d,3,b,4,g,2,seven
7705,d,3,d,4,b,5,nine
20012,d,2,a,3,g,4,thirteen
9028,c,2,g,4,f,2,ten
10412,a,1,g,6,h,4,eleven
8738,c,1,c,3,b,6,ten
25701,a,1,d,1,f,4,fifteen
14835,c,3,b,1,e,3,twelve
1016,c,1,f,7,e,7,draw
20914,d,3,f,7,c,5,thirteen
1326,c,2,f,3,g,3,draw
15353,d,1,e,6,f,8,twelve
27513,d,1,f,1,c,4,fifteen
21528,b,1,b,5,e,7,fourteen
19853,d,1,g,5,b,5,thirteen
2934,c,1,g,7,a,1,two
23123,c,1,d,8,e,6,fourteen
2485,d,3,e,7,f,7,draw
26279,b,1,d,3,d,7,fifteen
22994,c,1,c,3,f,3,fourteen
10380,a,1,f,3,d,1,eleven
26829,b,2,h,7,f,5,fifteen
21717,b,1,d,6,h,5,fourteen
20943,d,3,g,8,e,7,thirteen
10340,a,1,b,8,f,1,eleven
24536,d,1,c,3,f,6,fourteen
14672,c,2,g,5,c,7,twelve
19132,c,2,h,3,h,6,thirteen
12275,d,2,h,3,a,5,eleven
18208,c,1,f,2,b,6,thirteen
10244,d,4,g,1,f,3,ten
22005,b,1,g,5,e,2,fourteen
25361,d,2,c,8,e,5,fourteen
18440,c,2,a,3,f,6,thirteen
11667,d,1,c,1,a,5,eleven
2067,d,2,b,8,a,8,draw
20703,d,2,g,8,f,4,thirteen
3429,c,1,b,2,g,1,five
15910,d,2,h,1,f,8,twelve
15536,d,2,a,5,e,6,twelve
27438,d,1,c,6,g,4,fifteen
27149,c,1,f,6,e,2,fifteen
24671,d,1,d,8,f,2,fourteen
8392,b,1,a,1,e,1,ten
16494,d,3,g,2,c,6,twelve
6210,d,3,g,8,e,1,eight
22787,c,1,a,7,g,4,fourteen
2144,d,2,e,4,f,4,draw
16506,d,3,g,2,f,6,twelve
10291,d,4,h,7,g,3,ten
12218,d,2,f,6,a,7,eleven
3926,c,1,d,2,f,1,six
15961,d,2,h,5,g,7,twelve
9330,d,1,c,5,g,2,ten
24489,d,1,c,1,f,8,fourteen
19830,d,1,f,8,a,6,thirteen
9547,d,2,e,4,g,4,ten
2854,c,2,e,7,a,1,one
9960,d,3,f,7,g,3,ten
16538,d,3,g,4,c,7,twelve
27354,d,1,b,6,c,4,fifteen
1165,c,2,b,5,c,5,draw
889,c,1,d,5,d,4,draw
19454,d,1,a,1,f,8,thirteen
1386,c,2,g,4,f,3,draw
1828,d,1,e,7,e,6,draw
7260,c,3,b,7,h,2,nine
14866,c,3,b,4,g,6,twelve
2633,d,3,h,8,g,8,draw
20084,d,2,a,8,e,6,thirteen
17594,b,2,b,1,f,2,thirteen
21794,b,1,e,5,e,1,fourteen
16218,d,3,c,1,d,7,twelve
27823,a,1,f,8,d,2,sixteen
5776,d,1,g,5,h,3,eight
3194,d,2,b,7,a,1,three
5452,c,2,b,6,a,3,eight
17922,c,1,b,3,h,3,thirteen
27298,c,2,c,6,c,4,fifteen
19847,d,1,g,3,b,7,thirteen
22334,b,2,c,7,f,3,fourteen
6802,b,2,c,4,h,1,nine
14166,c,1,h,8,a,3,twelve
16333,d,3,d,2,g,3,twelve
13900,c,1,d,1,h,7,twelve
876,c,1,d,3,e,3,draw
1230,c,2,d,5,c,6,draw
10732,b,2,d,7,g,2,eleven
21064,a,1,c,8,h,3,fourteen
26232,b,1,c,8,c,6,fifteen
25103,d,1,h,3,b,3,fourteen
4159,d,2,c,2,f,1,six
24541,d,1,c,3,g,5,fourteen
6326,d,4,c,5,h,2,eight
25056,d,1,h,1,e,3,fourteen
20593,d,2,g,2,c,7,thirteen
21859,b,1,e,8,e,4,fourteen
25815,a,1,e,6,c,1,fifteen
22171,b,1,h,8,c,8,fourteen
15482,d,1,h,6,b,7,twelve
11834,d,1,f,3,h,6,eleven
7963,d,4,b,1,d,1,nine
7753,d,3,e,3,a,7,nine
23689,c,2,a,6,d,5,fourteen
21550,b,1,b,8,b,5,fourteen
3264,d,1,h,3,b,1,four
2712,d,4,g,1,f,1,draw
14329,c,2,c,1,h,8,twelve
24047,c,2,h,2,d,5,fourteen
21959,b,1,g,2,g,6,fourteen
18507,c,2,a,8,c,4,thirteen
2239,d,2,g,3,f,3,draw
7179,c,2,g,4,f,1,nine
7992,d,4,b,4,e,1,nine
2861,c,2,f,7,a,1,one
16269,d,3,c,4,d,6,twelve
6088,d,3,d,1,a,8,eight
12559,d,3,d,4,d,7,eleven
5797,d,1,h,7,a,2,eight
21220,a,1,g,7,c,2,fourteen
16906,a,1,f,5,h,8,thirteen
9839,d,3,e,2,h,5,ten
27528,d,1,f,2,c,4,fifteen
25427,d,2,f,7,b,5,fourteen
13906,c,1,d,2,h,6,twelve
22772,c,1,a,7,d,4,fourteen
16291,d,3,c,8,d,5,twelve
16571,d,3,g,8,d,6,twelve
2869,c,2,g,8,a,1,one
18015,c,1,d,2,c,4,thirteen
19912,d,1,h,5,b,7,thirteen
16466,d,3,g,1,b,6,twelve
16685,d,3,h,8,d,5,twelve
25571,a,1,b,1,c,3,fifteen
27653,d,1,g,7,f,4,fifteen
9321,d,1,c,3,a,4,ten
3396,d,3,e,3,d,1,four
11309,c,2,f,7,h,4,eleven
20408,d,2,e,1,b,3,thirteen
11810,d,1,f,1,h,2,eleven
8179,d,4,e,3,h,8,nine
11123,c,2,c,1,e,1,eleven
19639,d,1,d,6,a,4,thirteen
26862,c,1,b,2,e,6,fifteen
19042,c,2,g,5,g,7,thirteen
22839,c,1,b,1,g,4,fourteen
6582,d,4,h,5,d,1,eight
12552,d,3,d,2,h,4,eleven
12775,d,3,g,5,d,7,eleven
20807,d,2,h,6,b,4,thirteen
20709,d,2,h,1,b,3,thirteen
5387,c,1,g,8,h,2,eight
12676,d,3,e,6,f,4,eleven
2533,d,3,f,7,g,6,draw
12851,d,3,h,5,d,7,eleven
12950,d,4,b,3,f,3,eleven
22940,c,1,b,7,g,4,fourteen
25738,a,1,d,6,e,2,fifteen
18656,c,2,c,1,c,5,thirteen
18154,c,1,e,4,e,7,thirteen
4920,d,3,e,1,a,3,seven
25963,a,1,h,7,g,3,fifteen
5956,d,3,a,5,g,1,eight
19946,d,1,h,8,a,8,thirteen
19346,c,3,d,8,f,5,thirteen
15032,c,3,e,8,e,4,twelve
14598,c,2,f,2,a,5,twelve
3489,d,1,d,4,a,1,five
19620,d,1,d,4,g,4,thirteen
10669,b,2,a,6,g,2,eleven
26950,c,1,c,6,e,5,fifteen
335,b,1,d,5,c,4,draw
10917,c,1,e,2,a,6,eleven
15324,d,1,e,2,h,3,twelve
4615,c,2,b,3,f,2,seven
20980,a,1,a,8,d,2,fourteen
18297,c,1,h,1,a,3,thirteen
8822,c,1,h,7,e,8,ten
8535,b,1,g,5,h,2,ten
14247,c,2,a,6,c,7,twelve
27474,d,1,c,8,f,7,fifteen
11766,d,1,e,2,h,2,eleven
14451,c,2,e,2,b,6,twelve
1518,c,3,f,4,e,5,draw
13458,b,1,f,3,g,8,twelve
2910,c,1,d,4,a,1,two
3062,c,3,f,6,c,1,two
756,c,1,a,2,b,3,draw
5135,d,4,g,1,a,1,seven
9568,d,2,e,7,b,8,ten
26291,b,1,d,3,g,6,fifteen
11654,d,1,b,2,f,2,eleven
18879,c,2,f,1,c,6,thirteen
11713,d,1,c,7,a,6,eleven
21473,b,1,b,2,d,8,fourteen
19443,c,3,h,7,f,5,thirteen
22504,b,2,g,1,g,4,fourteen
3353,d,2,h,3,a,2,four
9219,c,3,f,1,g,3,ten
6327,d,4,c,5,h,3,eight
26455,b,1,f,8,e,4,fifteen
26690,b,2,b,3,e,3,fifteen
4631,c,2,c,3,e,1,seven
2139,d,2,d,8,e,8,draw
5891,d,2,d,8,f,2,eight
24119,d,1,a,1,c,3,fourteen
24978,d,1,g,5,d,5,fourteen
27117,c,1,f,2,e,6,fifteen
10629,b,1,g,4,f,2,eleven
26332,b,1,d,8,f,6,fifteen
1495,c,3,f,1,e,1,draw
15490,d,1,h,6,h,2,twelve
15815,d,2,e,8,a,8,twelve
15754,d,2,e,3,b,5,twelve
7339,c,3,g,5,h,3,nine
19489,d,1,a,5,e,6,thirteen
2817,c,3,h,1,c,1,zero
3950,c,2,h,2,e,1,six
1180,c,2,b,7,c,6,draw
19730,d,1,e,3,d,7,thirteen
2146,d,2,e,5,d,4,draw
11186,c,2,d,8,b,7,eleven
26166,b,1,c,2,g,5,fifteen
19364,c,3,f,3,f,6,thirteen
21919,b,1,f,6,b,3,fourteen
14874,c,3,b,6,e,3,twelve
575,b,2,d,1,d,2,draw
26083,b,1,b,5,d,5,fifteen
4410,d,3,g,5,h,8,six
19251,c,3,b,3,e,4,thirteen
7941,d,4,a,6,g,1,nine
25021,d,1,g,8,b,6,fourteen
22311,b,2,c,2,f,6,fourteen
18090,c,1,e,1,f,5,thirteen
1294,c,2,e,7,d,6,draw
16969,a,1,h,8,g,2,thirteen
23647,c,1,h,8,c,5,fourteen
2700,d,4,f,4,g,4,draw
25572,a,1,b,1,d,1,fifteen
5655,c,3,f,4,e,1,eight
15771,d,2,e,4,b,4,twelve
24644,d,1,d,6,g,3,fourteen
27832,a,1,g,2,d,3,sixteen
16301,d,3,c,8,g,7,twelve
8575,b,2,a,2,f,1,ten
10785,b,2,f,8,g,2,eleven
11479,c,3,d,5,h,5,eleven
808,c,1,b,6,a,6,draw
279,b,1,c,4,d,3,draw
23306,c,1,f,5,c,8,fourteen
15226,d,1,d,2,a,3,twelve
27868,a,1,g,6,g,3,sixteen
18188,c,1,e,8,b,4,thirteen
23544,c,1,h,3,c,4,fourteen
25062,d,1,h,1,f,3,fourteen
13159,a,1,a,4,e,1,twelve
10835,c,1,c,4,a,6,eleven
23526,c,1,h,2,e,8,fourteen
8001,d,4,b,5,f,1,nine
27363,d,1,b,6,f,4,fifteen
5598,c,3,c,4,h,2,eight
27274,c,1,g,7,g,5,fifteen
19611,d,1,d,4,b,5,thirteen
17444,b,1,g,3,a,5,thirteen
23048,c,1,c,8,d,3,fourteen
4311,d,3,c,6,h,1,six
12546,d,3,d,2,d,8,eleven
2783,d,4,h,5,h,4,draw
3967,c,3,g,2,c,1,six
25916,a,1,g,8,g,2,fifteen
27494,d,1,d,7,f,6,fifteen
22748,c,1,a,6,e,3,fourteen
1305,c,2,e,8,f,7,draw
21759,b,1,e,2,g,4,fourteen
26417,b,1,f,5,e,2,fifteen
1417,c,2,g,7,h,8,draw
12728,d,3,f,5,b,6,eleven
17370,b,1,f,3,h,6,thirteen
10515,b,1,c,7,b,5,eleven
15038,c,3,e,8,g,6,twelve
8138,d,4,d,7,d,1,nine
24901,d,1,g,1,d,7,fourteen
5000,d,3,g,4,f,1,seven
26359,b,1,e,6,e,2,fifteen
14712,c,2,h,2,f,2,twelve
14956,c,3,d,3,h,4,twelve
16678,d,3,h,7,f,7,twelve
15648,d,2,c,8,h,7,twelve
11405,c,3,a,3,h,3,eleven
12159,d,2,e,5,a,6,eleven
3843,d,3,g,7,c,1,five
20229,d,2,b,8,e,7,thirteen
21014,a,1,b,7,c,1,fourteen
1993,d,2,a,3,a,2,draw
6005,d,3,b,6,f,2,eight
20030,d,2,a,4,f,5,thirteen
5763,d,1,g,1,a,2,eight
12777,d,3,g,5,e,8,eleven
15411,d,1,f,8,a,3,twelve
13428,b,1,e,8,h,2,twelve
10609,b,1,f,7,a,3,eleven
16835,a,1,d,6,f,1,thirteen
27700,a,1,b,8,f,3,sixteen
13805,b,2,h,8,f,2,twelve
21585,b,1,c,2,c,8,fourteen
7384,d,1,c,1,a,1,nine
27302,c,2,c,6,e,6,fifteen
14342,c,2,c,5,g,8,twelve
11592,c,3,g,5,e,1,eleven
16801,a,1,c,4,e,2,thirteen
1445,c,2,h,5,h,6,draw
25550,a,1,a,7,f,4,fifteen
20792,d,2,h,4,d,6,thirteen
4323,d,3,d,5,b,2,six
25672,a,1,c,4,h,4,fifteen
2207,d,2,f,6,f,5,draw
24827,d,1,f,3,f,6,fourteen
11218,c,2,e,4,d,8,eleven
11312,c,2,f,8,g,6,eleven
25041,d,1,h,1,b,4,fourteen
10805,b,2,h,4,f,3,eleven
15329,d,1,e,2,h,8,twelve
11261,c,2,f,1,h,7,eleven
11355,c,2,g,8,e,1,eleven
9094,c,3,a,6,f,2,ten
6096,d,3,d,2,b,7,eight
17061,b,1,b,5,g,7,thirteen
494,b,1,g,3,f,3,draw
21587,b,1,c,2,e,8,fourteen
2725,d,4,g,3,f,2,draw
5134,d,4,f,8,h,1,seven
1262,c,2,e,2,f,1,draw
19773,d,1,e,6,g,2,thirteen
6727,b,1,g,2,h,7,nine
12598,d,3,d,8,h,4,eleven
7527,d,2,f,7,h,8,nine
23990,c,2,g,5,d,5,fourteen
20989,a,1,b,1,h,4,fourteen
21523,b,1,b,5,e,2,fourteen
666,b,2,f,6,g,6,draw
13897,c,1,d,1,h,4,twelve
7441,d,2,a,7,e,8,nine
13176,a,1,a,7,h,2,twelve
7224,c,3,a,4,f,2,nine
22726,c,1,a,4,h,5,fourteen
3004,c,3,a,5,c,1,two
11745,d,1,d,4,b,3,eleven
8364,a,1,g,1,h,4,ten
3587,d,2,c,4,b,2,five
1161,c,2,b,5,a,6,draw
18306,c,1,h,2,b,7,thirteen
27500,d,1,e,6,c,4,fifteen
17709,b,2,e,1,e,3,thirteen
21119,a,1,e,2,f,5,fourteen
5168,d,4,h,6,a,1,seven
4175,d,2,c,6,g,1,six
10326,a,1,b,4,g,2,eleven
14422,c,2,e,1,d,4,twelve
2202,d,2,f,5,g,5,draw
2638,d,4,b,1,a,1,draw
13396,b,1,e,2,a,4,twelve
21655,b,1,c,8,g,3,fourteen
26121,b,1,b,8,c,3,fifteen
13318,b,1,c,5,g,4,twelve
24216,d,1,a,4,d,6,fourteen
22000,b,1,g,5,c,8,fourteen
1482,c,3,e,3,f,2,draw
16809,a,1,c,6,h,7,thirteen
26110,b,1,b,7,e,6,fifteen
24822,d,1,f,3,e,5,fourteen
20141,d,2,b,2,g,7,thirteen
27436,d,1,c,6,f,5,fifteen
10734,b,2,d,8,d,1,eleven
22119,b,1,h,4,h,6,fourteen
24153,d,1,a,2,c,5,fourteen
3298,d,2,e,3,a,2,four
21154,a,1,e,7,g,1,fourteen
16146,d,3,b,3,c,8,twelve
22151,b,1,h,6,a,6,fourteen
9303,d,1,b,2,g,2,ten
527,b,1,g,7,f,8,draw
7789,d,3,e,7,h,3,nine
6940,c,1,c,4,b,7,nine
13336,b,1,d,2,b,4,twelve
26617,b,1,h,3,d,3,fifteen
18308,c,1,h,2,h,5,thirteen
4650,c,2,e,3,h,1,seven
13661,b,2,e,4,g,7,twelve
10588,b,1,f,1,a,7,eleven
10918,c,1,e,2,a,7,eleven
2023,d,2,b,1,b,2,draw
19711,d,1,e,2,f,2,thirteen
20257,d,2,c,1,f,8,thirteen
3805,d,3,f,4,b,2,five
12509,d,3,c,5,d,8,eleven
27696,a,1,b,7,f,5,sixteen
22106,b,1,h,4,d,8,fourteen
11941,d,2,a,6,e,8,eleven
26637,b,1,h,6,c,5,fifteen
15716,d,2,e,1,b,6,twelve
11212,c,2,e,4,a,4,eleven
3017,c,3,c,6,c,1,two
25903,a,1,g,5,d,3,fifteen
1580,c,3,g,6,h,7,draw
15129,d,1,a,2,f,2,twelve
8187,d,4,e,5,f,4,nine
23602,c,1,h,6,a,5,fourteen
24410,d,1,b,4,f,5,fourteen
10484,b,1,c,1,b,3,eleven
23361,c,1,g,2,d,7,fourteen
9717,d,3,a,6,b,8,ten
19352,c,3,f,1,e,3,thirteen
12838,d,3,h,4,g,6,eleven
351,b,1,d,7,c,6,draw
3733,d,3,c,3,h,1,five
1269,c,2,e,3,f,3,draw
11048,c,1,h,2,a,5,eleven
22895,c,1,b,4,e,4,fourteen
5224,b,1,c,3,h,2,eight
10247,d,4,g,5,f,2,ten
6000,d,3,b,5,h,2,eight
26582,b,1,h,1,d,3,fifteen
20826,d,2,h,7,c,5,thirteen
15717,d,2,e,1,b,7,twelve
17634,b,2,c,1,g,4,thirteen
5002,d,3,g,4,h,2,seven
5185,a,1,g,2,d,1,eight
16308,d,3,d,1,d,7,twelve
3249,d,1,e,3,b,2,four
1684,d,1,b,5,b,4,draw
19258,c,3,b,6,f,4,thirteen
24568,d,1,c,5,e,6,fourteen
2095,d,2,c,7,b,8,draw
18951,c,2,f,8,c,4,thirteen
11447,c,3,c,5,f,3,eleven
19453,c,3,h,8,h,6,thirteen
7127,c,2,e,5,e,1,nine
12915,d,4,a,4,f,5,eleven
25253,d,2,a,1,d,5,fourteen
23096,c,1,d,5,e,8,fourteen
11330,c,2,g,2,b,8,eleven
6468,d,4,f,5,g,7,eight
15549,d,2,a,5,h,7,twelve
11973,d,2,b,4,b,7,eleven
27984,b,1,d,6,e,3,sixteen
18281,c,1,g,6,b,8,thirteen
547,b,1,h,3,g,3,draw
21781,b,1,e,5,a,5,fourteen
14520,c,2,e,5,g,7,twelve
62,a,1,e,4,d,4,draw
22814,c,1,a,8,f,4,fourteen
4527,b,2,d,3,h,2,seven
15893,d,2,g,6,e,8,twelve
27618,d,1,g,3,g,5,fifteen
19845,d,1,g,3,a,5,thirteen
22869,c,1,b,3,c,8,fourteen
17454,b,1,g,5,b,7,thirteen
14145,c,1,h,5,f,2,twelve
17495,b,1,h,3,a,4,thirteen
14776,c,3,a,1,e,5,twelve
9240,c,3,f,4,g,7,ten
21744,b,1,e,1,d,6,fourteen
19694,d,1,e,1,g,4,thirteen
3960,c,3,c,2,c,1,six
27548,d,1,f,6,c,3,fifteen
18493,c,2,a,7,f,3,thirteen
6308,d,4,b,8,b,1,eight
2771,d,4,h,3,g,3,draw
4605,c,2,b,2,a,2,seven
24599,d,1,d,2,d,3,fourteen
16168,d,3,b,4,e,7,twelve
21139,a,1,e,4,h,6,fourteen
6165,d,3,e,8,g,2,eight
13693,b,2,f,2,g,6,twelve
5015,d,3,g,7,b,3,seven
23756,c,2,b,7,f,5,fourteen
16650,d,3,h,4,f,6,twelve
15283,d,1,d,7,a,4,twelve
2162,d,2,e,7,d,6,draw
11758,d,1,d,8,a,2,eleven
19986,d,2,a,2,d,7,thirteen
11933,d,2,a,5,d,4,eleven
13000,d,4,c,4,f,4,eleven
3451,c,3,a,2,d,1,five
1694,d,1,b,6,c,5,draw
24551,d,1,c,4,f,7,fourteen
25763,a,1,d,8,f,2,fifteen
19996,d,2,a,2,g,7,thirteen
10220,d,4,e,8,g,3,ten
2217,d,2,f,7,g,6,draw
13252,a,1,f,8,h,2,twelve
22650,c,1,a,2,d,3,fourteen
23487,c,1,h,1,d,7,fourteen
3778,d,3,e,4,a,1,five
11430,c,3,b,5,h,6,eleven
22944,c,1,b,7,h,5,fourteen
17864,c,1,a,5,d,3,thirteen
17122,b,1,d,2,h,8,thirteen
6779,b,2,a,8,h,1,nine
2517,d,3,f,5,g,4,draw
14357,c,2,c,8,g,3,twelve
6499,d,4,f,8,e,1,eight
5486,c,2,c,4,f,1,eight
429,b,1,f,2,e,3,draw
12412,d,3,b,1,h,8,eleven
13131,d,4,h,3,g,6,eleven
13848,c,1,b,1,f,2,twelve
19988,d,2,a,2,e,4,thirteen
24638,d,1,d,5,f,8,fourteen
18216,c,1,f,4,a,5,thirteen
13539,b,1,h,5,f,1,twelve
3948,c,2,f,2,h,1,six
17652,b,2,c,5,f,5,thirteen
5147,d,4,g,4,h,2,seven
26502,b,1,g,3,d,4,fifteen
5936,d,2,h,8,f,1,eight
19265,c,3,b,7,e,4,thirteen
10701,b,2,c,5,h,2,eleven
1188,c,2,c,4,b,4,draw
1675,d,1,b,4,a,5,draw
23993,c,2,g,5,e,5,fourteen
9010,c,2,f,7,a,4,ten
50,a,1,e,2,f,1,draw
10840,c,1,c,5,a,4,eleven
9869,d,3,e,4,f,6,ten
15686,d,2,d,5,b,4,twelve
602,b,2,e,2,e,3,draw
3400,d,3,f,3,a,1,four
23376,c,1,g,3,c,5,fourteen
12929,d,4,a,8,f,4,eleven
21874,b,1,f,2,d,7,fourteen
3910,b,2,c,2,d,1,six
25813,a,1,e,5,h,6,fifteen
24646,d,1,d,6,h,5,fourteen
7276,c,3,c,6,g,1,nine
26943,c,1,c,6,c,3,fifteen
8115,d,4,d,5,c,1,nine
447,b,1,f,4,f,5,draw
12820,d,3,h,2,h,7,eleven
4676,c,2,h,5,a,4,seven
8151,d,4,d,8,f,1,nine
14737,c,2,h,5,c,8,twelve
13898,c,1,d,1,h,5,twelve
19858,d,1,g,5,c,4,thirteen
26672,b,1,h,7,g,5,fifteen
16526,d,3,g,3,e,7,twelve
14792,c,3,a,3,e,3,twelve
18904,c,2,f,2,f,8,thirteen
7410,d,1,f,5,g,1,nine
3195,d,2,b,7,b,1,three
27641,d,1,g,7,c,7,fifteen
13285,b,1,a,5,g,3,twelve
11862,d,1,f,7,h,7,eleven
5810,d,2,a,5,h,3,eight
10284,d,4,h,6,e,2,ten
14757,c,2,h,6,h,8,twelve
13676,b,2,e,7,e,1,twelve
14124,c,1,h,1,e,2,twelve
10437,a,1,h,8,d,1,eleven
15986,d,3,a,1,b,4,twelve
22680,c,1,a,3,d,4,fourteen
21738,b,1,e,1,c,3,fourteen
9518,d,2,d,4,a,6,ten
2693,d,4,f,3,f,4,draw
27562,d,1,f,7,b,7,fifteen
5124,d,4,f,6,e,2,seven
14562,c,2,e,7,h,7,twelve
10025,d,3,h,2,a,5,ten
21599,b,1,c,3,h,4,fourteen
20395,d,2,d,8,d,6,thirteen
20314,d,2,c,4,c,8,thirteen
21397,b,1,a,5,e,2,fourteen
8206,d,4,e,7,h,3,nine
24739,d,1,e,5,e,7,fourteen
18784,c,2,d,5,e,3,thirteen
27850,a,1,g,3,g,5,sixteen
7636,d,3,c,2,b,6,nine
9057,c,2,h,7,f,1,ten
12774,d,3,g,5,d,6,eleven
23959,c,2,f,8,f,3,fourteen
27219,c,1,g,2,e,5,fifteen
4618,c,2,b,3,h,1,seven
8608,b,2,b,6,e,1,ten
20350,d,2,c,8,d,4,thirteen
4551,c,1,b,3,a,6,seven
4937,d,3,e,5,g,1,seven
5605,c,3,d,4,e,3,eight
22393,b,2,d,6,d,3,fourteen
4576,c,1,e,3,e,1,seven
10598,b,1,f,4,d,1,eleven
652,b,2,f,4,f,5,draw
12192,d,2,e,8,g,7,eleven
4274,d,3,b,3,f,1,six
22588,b,2,h,7,f,3,fourteen
750,b,2,h,7,h,8,draw
1325,c,2,f,3,g,2,draw
12425,d,3,b,3,h,6,eleven
6408,d,4,e,6,f,1,eight
9360,d,1,e,4,h,8,ten
13555,b,1,h,7,a,4,twelve
18296,c,1,g,8,b,5,thirteen
4972,d,3,f,7,a,3,seven
6576,d,4,h,4,d,1,eight
8529,b,1,g,4,a,8,ten
12661,d,3,e,3,g,3,eleven
18337,c,1,h,5,d,3,thirteen
22306,b,2,c,1,g,6,fourteen
24333,d,1,b,1,b,8,fourteen
1209,c,2,c,7,b,6,draw
3782,d,3,e,4,b,2,five
21551,b,1,b,8,d,2,fourteen
23738,c,2,b,6,e,5,fourteen
9633,d,2,f,7,d,8,ten
9352,d,1,d,5,h,3,ten
18032,c,1,d,4,f,7,thirteen
19879,d,1,g,8,a,8,thirteen
26308,b,1,d,7,d,4,fifteen
22654,c,1,a,2,d,7,fourteen
12409,d,3,b,1,h,5,eleven
5022,d,3,g,8,h,6,seven
27722,a,1,c,3,g,6,sixteen
10521,b,1,c,8,g,2,eleven
22511,b,2,g,2,f,5,fourteen
24988,d,1,g,5,f,2,fourteen
3665,d,2,g,8,a,2,five
7663,d,3,c,6,b,4,nine
3445,c,1,h,4,a,3,five
19329,c,3,d,3,f,4,thirteen
15944,d,2,h,5,c,8,twelve
4445,d,4,b,2,d,1,six
24229,d,1,a,4,g,5,fourteen
11828,d,1,f,3,a,7,eleven
18990,c,2,g,2,g,6,thirteen
14713,c,2,h,2,h,4,twelve
11871,d,1,f,8,h,4,eleven
16655,d,3,h,6,c,5,twelve
22612,c,1,a,1,c,5,fourteen
20947,a,1,a,2,d,2,fourteen
5570,c,2,h,3,e,2,eight
27129,c,1,f,3,e,5,fifteen
15068,c,3,h,1,e,5,twelve
26081,b,1,b,5,d,3,fifteen
20638,d,2,g,4,c,6,thirteen
1538,c,3,g,1,f,2,draw
24700,d,1,e,2,c,3,fourteen
15652,d,2,d,1,b,5,twelve
15931,d,2,h,4,e,8,twelve
16411,d,3,f,2,f,6,twelve
20433,d,2,e,5,c,7,thirteen
20592,d,2,g,2,c,6,thirteen
17046,b,1,b,2,h,7,thirteen
25266,d,2,a,3,e,5,fourteen
15970,d,2,h,7,a,6,twelve
11412,c,3,a,6,h,3,eleven
12472,d,3,b,8,g,7,eleven
2495,d,3,f,1,g,2,draw
5212,b,1,b,7,a,3,eight
15001,c,3,e,1,g,4,twelve
24233,d,1,a,4,h,5,fourteen
6404,d,4,e,6,c,2,eight
2827,c,1,g,3,a,2,one
14443,c,2,e,1,h,5,twelve
13012,d,4,c,8,f,4,eleven
27334,d,1,b,2,d,4,fifteen
2050,d,2,b,6,a,5,draw
10530,b,1,d,2,a,6,eleven
2127,d,2,d,7,c,6,draw
27386,d,1,b,8,c,6,fifteen
2482,d,3,e,7,e,6,draw
12419,d,3,b,2,h,7,eleven
19837,d,1,g,1,a,7,thirteen
6785,b,2,b,4,h,1,nine
23462,c,1,g,8,d,3,fourteen
1247,c,2,d,7,d,6,draw
18200,c,1,e,8,g,6,thirteen
12341,d,3,a,3,e,8,eleven
14113,c,1,g,7,f,1,twelve
11799,d,1,e,7,h,8,eleven
15320,d,1,e,2,a,8,twelve
10320,a,1,b,1,f,1,eleven
25805,a,1,e,5,e,3,fifteen
14563,c,2,e,8,a,6,twelve
8975,c,2,e,5,h,4,ten
27877,a,1,g,7,f,4,sixteen
11569,c,3,f,5,h,4,eleven
16051,d,3,a,4,f,4,twelve
13094,d,4,g,2,f,4,eleven
25342,d,2,c,7,c,4,fourteen
9867,d,3,e,4,f,4,ten
4319,d,3,d,4,h,1,six
24317,d,1,a,8,e,6,fourteen
7096,c,2,d,5,a,6,nine
9546,d,2,e,4,f,7,ten
10656,b,1,h,8,a,4,eleven
15645,d,2,c,7,h,7,twelve
17298,b,1,e,5,h,5,thirteen
8052,d,4,c,3,h,4,nine
16041,d,3,a,3,g,6,twelve
24881,d,1,f,8,b,5,fourteen
24838,d,1,f,4,c,5,fourteen
14852,c,3,b,2,h,5,twelve
16761,a,1,a,5,g,4,thirteen
27637,d,1,g,6,g,4,fifteen
2836,c,2,c,4,a,1,one
18857,c,2,e,7,c,4,thirteen
20394,d,2,d,8,d,5,thirteen
1493,c,3,e,5,f,6,draw
736,b,2,h,4,h,5,draw
15955,d,2,h,5,f,3,twelve
16429,d,3,f,3,f,6,twelve
18807,c,2,d,7,h,6,thirteen
15029,c,3,e,7,g,5,twelve
7280,c,3,c,7,g,1,nine
2921,c,1,e,8,a,1,two
20447,d,2,e,7,c,4,thirteen
7196,c,2,h,4,e,1,nine
15281,d,1,d,6,g,2,twelve
16553,d,3,g,6,b,5,twelve
10262,d,4,g,8,f,3,ten
23538,c,1,h,2,g,8,fourteen
4048,d,1,d,3,g,1,six
3286,d,2,d,6,b,1,four
600,b,2,e,2,d,3,draw
11921,d,2,a,3,h,6,eleven
24202,d,1,a,3,f,7,fourteen
24582,d,1,c,6,h,6,fourteen
9888,d,3,e,5,d,8,ten
15983,d,2,h,8,c,8,twelve
22301,b,2,c,1,f,3,fourteen
4795,d,2,e,4,f,2,seven
7685,d,3,c,8,a,4,nine
25006,d,1,g,6,g,3,fourteen
19431,c,3,h,4,f,5,thirteen
16967,a,1,h,8,f,2,thirteen
13059,d,4,e,2,f,6,eleven
2797,c,1,a,4,a,1,zero
14432,c,2,e,1,f,7,twelve
19442,c,3,h,7,f,4,thirteen
18839,c,2,e,5,b,5,thirteen
26478,b,1,g,2,c,4,fifteen
22057,b,1,h,1,g,3,fourteen
19219,c,3,a,1,f,6,thirteen
1555,c,3,g,3,h,2,draw
17806,b,2,h,3,h,7,thirteen
5146,d,4,g,4,c,2,seven
23681,c,2,a,3,e,3,fourteen
16225,d,3,c,1,f,5,twelve
727,b,2,h,3,g,2,draw
12520,d,3,c,6,e,7,eleven
20976,a,1,a,7,e,2,fourteen
7822,d,3,f,5,a,7,nine
6149,d,3,e,5,h,3,eight
15584,d,2,b,5,e,5,twelve
23977,c,2,g,2,f,5,fourteen
15304,d,1,d,8,g,2,twelve
19820,d,1,f,6,a,7,thirteen
15212,d,1,c,4,g,8,twelve
6649,b,1,b,4,h,1,nine
20384,d,2,d,6,g,5,thirteen
8464,b,1,c,4,g,3,ten
516,b,1,g,5,h,6,draw
13279,b,1,a,2,b,8,twelve
13314,b,1,c,1,h,3,twelve
18733,c,2,c,8,g,5,thirteen
15860,d,2,f,8,b,5,twelve
10065,d,4,a,1,g,3,ten
25764,a,1,d,8,f,3,fifteen
21005,a,1,b,5,f,5,fourteen
25272,d,2,a,6,e,5,fourteen
15257,d,1,d,3,h,7,twelve
14390,c,2,d,5,d,8,twelve
10558,b,1,d,7,g,8,eleven
1455,c,2,h,7,h,8,draw
8269,d,4,g,3,d,1,nine
17407,b,1,f,6,h,4,thirteen
17716,b,2,e,1,g,4,thirteen
17084,b,1,c,1,h,7,thirteen
12797,d,3,h,1,c,8,eleven
18789,c,2,d,5,f,6,thirteen
23964,c,2,g,1,d,5,fourteen
4066,d,1,d,8,h,1,six
3656,d,2,g,5,a,2,five
26119,b,1,b,7,g,6,fifteen
14139,c,1,h,3,h,8,twelve
14480,c,2,e,3,c,6,twelve
8631,b,2,c,6,f,1,ten
13538,b,1,h,5,a,8,twelve
25503,a,1,a,2,e,4,fifteen
25650,a,1,c,1,e,5,fifteen
24237,d,1,a,5,c,5,fourteen
6717,b,1,e,4,h,2,nine
16676,d,3,h,7,f,5,twelve
8623,b,2,c,4,f,3,ten
8518,b,1,f,4,h,1,ten
26449,b,1,f,8,d,5,fifteen
2927,c,1,f,7,a,1,two
13852,c,1,b,2,h,7,twelve
12445,d,3,b,5,d,7,eleven
17937,c,1,b,5,g,7,thirteen
23917,c,2,f,5,e,3,fourteen
25137,d,1,h,4,c,4,fourteen
3230,d,1,a,2,h,1,four
18569,c,2,b,2,g,7,thirteen
8544,b,1,g,7,h,3,ten
14859,c,3,b,3,g,6,twelve
3404,d,3,g,2,b,1,four
26830,b,2,h,7,f,6,fifteen
6376,d,4,e,3,d,2,eight
20734,d,2,h,1,g,6,thirteen
17197,b,1,d,8,h,4,thirteen
8016,d,4,b,7,h,4,nine
23796,c,2,c,6,e,3,fourteen
26662,b,1,h,7,e,3,fifteen
14973,c,3,d,6,g,3,twelve
10001,d,3,g,6,b,7,ten
23340,c,1,g,1,d,7,fourteen
2499,d,3,f,2,g,1,draw
6154,d,3,e,6,g,2,eight
6293,d,4,b,5,d,1,eight
11811,d,1,f,1,h,3,eleven
21105,a,1,e,1,f,3,fourteen
6266,d,4,a,6,h,2,eight
26983,c,1,c,7,h,5,fifteen
9535,d,2,d,8,a,6,ten
15462,d,1,h,2,h,8,twelve
17117,b,1,d,1,h,7,thirteen
27256,c,1,g,7,c,4,fifteen
3901,b,1,b,2,f,1,six
6653,b,1,b,5,h,1,nine
3019,c,3,c,8,c,1,two
27545,d,1,f,6,b,4,fifteen
2454,d,3,d,7,e,6,draw
15299,d,1,d,8,b,7,twelve
372,b,1,e,2,e,1,draw
9760,d,3,c,5,h,7,ten
7520,d,2,f,4,h,6,nine
223,b,1,a,8,a,7,draw
4853,d,3,a,4,e,1,seven
26428,b,1,f,7,c,4,fifteen
12619,d,3,e,1,g,4,eleven
10751,b,2,e,5,h,3,eleven
18155,c,1,e,4,e,8,thirteen
23129,c,1,d,8,g,4,fourteen
23830,c,2,c,8,e,8,fourteen
14332,c,2,c,3,h,8,twelve
25170,d,1,h,6,b,6,fourteen
27268,c,1,g,7,e,6,fifteen
9667,d,2,g,5,g,2,ten
25880,a,1,g,1,c,3,fifteen
8108,d,4,d,2,h,8,nine
23795,c,2,c,5,e,5,fourteen
13389,b,1,e,1,a,4,twelve
6977,c,1,g,4,f,1,nine
4212,d,2,e,4,h,1,six
27360,d,1,b,6,e,4,fifteen
6874,b,2,h,3,f,2,nine
14747,c,2,h,5,g,8,twelve
10690,b,2,b,7,h,2,eleven
4432,d,3,h,5,b,2,six
2699,d,4,f,4,g,3,draw
14574,c,2,e,8,f,3,twelve
25532,a,1,a,4,h,6,fifteen
13740,b,2,f,6,h,8,twelve
6132,d,3,d,7,h,2,eight
611,b,2,e,3,f,2,draw
19357,c,3,f,1,f,5,thirteen
18744,c,2,d,1,e,7,thirteen
3652,d,2,g,4,a,2,five
14857,c,3,b,3,g,4,twelve
21267,a,1,h,7,g,2,fourteen
3345,d,2,g,7,b,1,four
107,a,1,f,5,g,4,draw
17459,b,1,g,6,c,8,thirteen
27253,c,1,g,6,g,2,fifteen
4450,d,4,c,2,e,1,six
9430,d,2,a,7,h,3,ten
2761,d,4,g,8,h,7,draw
24814,d,1,f,3,c,7,fourteen
24211,d,1,a,4,c,6,fourteen
22010,b,1,g,5,f,2,fourteen
6931,c,1,c,2,b,7,nine
7647,d,3,c,3,b,4,nine
1591,c,3,h,2,g,2,draw
27564,d,1,f,7,c,4,fifteen
23877,c,2,d,7,f,2,fourteen
25786,a,1,e,3,g,4,fifteen
4157,d,2,c,1,g,1,six
27904,a,1,h,3,e,5,sixteen
20207,d,2,b,6,g,5,thirteen
13089,d,4,g,1,g,4,eleven
22419,b,2,d,8,e,4,fourteen
11037,c,1,g,5,e,1,eleven
12961,d,4,b,4,g,4,eleven
21292,b,1,a,1,d,4,fourteen
9749,d,3,b,5,h,6,ten
20901,d,3,c,7,f,5,thirteen
25519,a,1,a,3,g,5,fifteen
3166,c,3,e,2,a,1,three
22316,b,2,c,3,g,4,fourteen
2503,d,3,f,3,f,4,draw
13069,d,4,e,5,f,5,eleven
7019,c,2,b,1,h,2,nine
7817,d,3,f,4,h,6,nine
5060,d,4,b,3,h,2,seven
19257,c,3,b,6,e,4,thirteen
21941,b,1,g,1,f,7,fourteen
25490,d,2,g,8,e,6,fourteen
183,a,1,h,4,h,5,draw
23862,c,2,d,3,e,6,fourteen
13655,b,2,e,1,h,5,twelve
8462,b,1,c,4,f,3,ten
9270,c,3,h,6,e,2,ten
24104,c,3,g,3,f,5,fourteen
17625,b,2,b,7,h,5,thirteen
23247,c,1,e,8,e,4,fourteen
9618,d,2,f,5,h,4,ten
13388,b,1,e,1,a,3,twelve
18546,c,2,b,1,g,4,thirteen
10886,c,1,d,3,a,6,eleven
13073,d,4,e,6,f,4,eleven
16468,d,3,g,1,c,6,twelve
13771,b,2,g,8,f,1,twelve
24874,d,1,f,7,a,6,fourteen
11595,c,3,g,5,f,2,eleven
13873,c,1,c,2,h,7,twelve
13501,b,1,g,4,b,8,twelve
2177,d,2,f,1,g,2,draw
24271,d,1,a,7,c,4,fourteen
21814,b,1,e,6,f,3,fourteen
22921,c,1,b,5,d,6,fourteen
24545,d,1,c,4,d,8,fourteen
24163,d,1,a,2,e,3,fourteen
8489,b,1,c,8,f,1,ten
23711,c,2,b,2,d,5,fourteen
22347,b,2,c,8,g,5,fourteen
6466,d,4,f,5,f,2,eight
26199,b,1,c,5,f,3,fifteen
1511,c,3,f,3,f,2,draw
3877,d,4,c,2,h,1,five
17818,b,2,h,5,g,7,thirteen
18268,c,1,g,5,a,6,thirteen
10857,c,1,c,7,a,6,eleven
10901,c,1,d,4,f,2,eleven
19184,c,2,h,7,c,6,thirteen
2547,d,3,g,2,f,2,draw
2780,d,4,h,5,g,4,draw
21787,b,1,e,5,b,8,fourteen
20436,d,2,e,6,b,3,thirteen
3996,d,1,a,8,g,1,six
1826,d,1,e,7,d,7,draw
17333,b,1,e,8,g,2,thirteen
1008,c,1,f,6,e,6,draw
6322,d,4,c,5,c,1,eight
18191,c,1,e,8,f,2,thirteen
2829,c,2,b,3,a,2,one
16402,d,3,f,2,d,6,twelve
3292,d,2,e,1,b,1,four
2754,d,4,g,6,h,6,draw
3962,c,3,c,2,g,1,six
1608,c,3,h,5,h,4,draw
18007,c,1,d,1,e,7,thirteen
21062,a,1,c,8,e,1,fourteen
19210,c,2,h,8,f,8,thirteen
9947,d,3,f,3,h,4,ten
5017,d,3,g,7,h,4,seven
12045,d,2,d,4,e,8,eleven
15276,d,1,d,6,a,7,twelve
23827,c,2,c,8,e,5,fourteen
5165,d,4,h,4,h,1,seven
11500,c,3,e,2,h,5,eleven
4657,c,2,f,3,h,1,seven
632,b,2,f,2,e,1,draw
1587,c,3,h,1,g,1,draw
8348,a,1,c,8,h,1,ten
21832,b,1,e,7,d,3,fourteen
1408,c,2,g,6,h,6,draw
3698,d,3,a,6,b,1,five
1382,c,2,g,3,g,4,draw
2965,c,2,e,2,a,1,two
22885,c,1,b,3,g,3,fourteen
27602,d,1,g,1,e,6,fifteen
8843,c,2,a,5,h,3,ten
2622,d,3,h,6,g,5,draw
20954,a,1,a,3,h,3,fourteen
21006,a,1,b,5,g,5,fourteen
16632,d,3,h,3,f,4,twelve
4460,d,4,d,8,b,1,six
10752,b,2,e,5,h,4,eleven
9649,d,2,f,8,g,4,ten
9138,c,3,b,7,e,1,ten
23692,c,2,a,6,e,5,fourteen
20346,d,2,c,6,h,6,thirteen
18796,c,2,d,6,h,5,thirteen
14506,c,2,e,4,c,4,twelve
16890,a,1,f,4,f,1,thirteen
12377,d,3,a,5,f,7,eleven
14061,c,1,f,4,g,6,twelve
2440,d,3,d,5,e,6,draw
18163,c,1,e,6,a,7,thirteen
3125,d,3,d,7,d,1,two
18423,c,2,a,2,g,5,thirteen
17932,c,1,b,5,f,6,thirteen
21427,b,1,a,7,g,7,fourteen
4519,b,1,d,3,h,2,seven
9779,d,3,d,2,f,2,ten
8915,c,2,d,1,c,6,ten
19502,d,1,a,5,h,5,thirteen
932,c,1,e,4,d,3,draw
2137,d,2,d,8,d,7,draw
7353,c,3,h,4,e,3,nine
26560,b,1,g,8,c,4,fifteen
26324,b,1,d,8,e,3,fifteen
7824,d,3,f,5,g,3,nine
16572,d,3,g,8,d,7,twelve
25489,d,2,g,7,g,5,fourteen
12871,d,3,h,7,b,4,eleven
16224,d,3,c,1,f,4,twelve
2905,c,1,c,6,a,1,two
14518,c,2,e,5,g,5,twelve
21400,b,1,a,5,e,5,fourteen
26071,b,1,b,3,g,4,fifteen
9549,d,2,e,4,g,6,ten
7116,c,2,d,8,f,1,nine
24882,d,1,f,8,b,6,fourteen
395,b,1,e,5,d,6,draw
11911,d,2,a,2,a,6,eleven
7502,d,2,e,1,h,8,nine
17047,b,1,b,2,h,8,thirteen
26682,b,1,h,8,e,3,fifteen
14007,c,1,e,3,h,7,twelve
5667,c,3,g,1,h,7,eight
22976,c,1,c,2,g,5,fourteen
